coupling_length_um,artifact_path,validation_passed
0.25,../data/sparams/coupler/sweep/coupler_couplinglength0.25,True
0.5,../data/sparams/coupler/sweep/coupler_couplinglength0.5,True
1.0,../data/sparams/coupler/sweep/coupler_couplinglength1.0,True
1.5,../data/sparams/coupler/sweep/coupler_couplinglength1.5,True
2.0,../data/sparams/coupler/sweep/coupler_couplinglength2.0,True
4.0,../data/sparams/coupler/sweep/coupler_couplinglength4.0,True
6.0,../data/sparams/coupler/sweep/coupler_couplinglength6.0,True
8.0,../data/sparams/coupler/sweep/coupler_couplinglength8.0,True
10.0,../data/sparams/coupler/sweep/coupler_couplinglength10.0,True
12.0,../data/sparams/coupler/sweep/coupler_couplinglength12.0,True
14.0,../data/sparams/coupler/sweep/coupler_couplinglength14.0,True
16.0,../data/sparams/coupler/sweep/coupler_couplinglength16.0,True
18.0,../data/sparams/coupler/sweep/coupler_couplinglength18.0,True
20.0,../data/sparams/coupler/sweep/coupler_couplinglength20.0,True
22.0,../data/sparams/coupler/sweep/coupler_couplinglength22.0,True
24.0,../data/sparams/coupler/sweep/coupler_couplinglength24.0,True
26.0,../data/sparams/coupler/sweep/coupler_couplinglength26.0,True
