iteration,L_upper,delta_L_delay_um,L_lower,Delta_L,objective,grad_L_upper,grad_delta_L_delay_um,ch3_transmission,ch3_crosstalk,ch3_insertion_loss_db,ch3_flatness_var,ch4_transmission,ch4_crosstalk,ch4_insertion_loss_db,ch4_flatness_var
0,16.0,7.5,23.5,7.5,2.3364768028259277,62.508846282958984,-59.28981399536133,0.731441080570221,0.11329187452793121,1.4293146133422852,0.01563355326652527,0.7654622197151184,0.1062999814748764,1.1827853918075562,0.005853878799825907
1,15.950000000007998,7.549999999991567,23.549999999991567,7.599999999983568,0.9673722386360168,-14.037431716918945,12.766532897949219,0.8030511140823364,0.06650342047214508,0.9675604104995728,0.0043908762745559216,0.8418239951133728,0.006291644182056189,0.7620744109153748,0.004665904678404331
2,15.9254682698783,7.574915745616484,23.574915745616483,7.649447475738183,3.795182228088379,-144.8147735595703,140.91732788085938,0.60985267162323,0.2718210816383362,2.2672839164733887,0.019340110942721367,0.8438774943351746,0.007659645285457373,0.7589320540428162,0.006903185974806547
3,15.947017129395316,7.553180123842168,23.553180123842168,7.606162994446851,1.0657857656478882,-19.45337677001953,18.156421661376953,0.7903035879135132,0.0816795751452446,1.0403456687927246,0.005205868277698755,0.8423975706100464,0.005380440969020128,0.7598020434379578,0.00485864607617259
4,15.968081960019283,7.532082015930031,23.53208201593003,7.564000055910746,0.8336015343666077,2.2095072269439697,-5.266047477722168,0.8268591165542603,0.027154212817549706,0.8342181444168091,0.0026539324317127466,0.8366113901138306,0.01827821508049965,0.7903264164924622,0.00488596735522151
5,15.985506713764613,7.51518992725815,23.51518992725815,7.529683213493536,1.2209399938583374,19.613094329833984,-22.59266471862793,0.7965193390846252,0.04831070452928543,1.0109941959381104,0.0064432197250425816,0.8146265745162964,0.05047142878174782,0.911436915397644,0.006259793881326914
6,15.997221878186128,7.504566292845899,23.5045662928459,7.507344414659773,1.944053292274475,47.51078414916992,-46.619144439697266,0.7518148422241211,0.09249299764633179,1.2928866147994995,0.01276797242462635,0.7806164026260376,0.08974628895521164,1.0981322526931763,0.006218507885932922
7,15.99984165951247,7.502931894794573,23.50293189479457,7.503090235282102,2.1611969470977783,55.810142517089844,-54.004207611083984,0.7402917146682739,0.10435497015714645,1.3690024614334106,0.014311547391116619,0.7719860076904297,0.09908730536699295,1.1466896533966064,0.006159641779959202
8,15.99418502970327,7.509376340904309,23.50937634090431,7.51519131120104,1.6209648847579956,35.175682067871094,-36.35765838623047,0.7703734040260315,0.07398266345262527,1.172504186630249,0.010022065602242947,0.7944231033325195,0.07400429248809814,1.0220491886138916,0.006437868811190128
9,15.984476431266256,7.520047097621165,23.520047097621166,7.535570666354911,1.1023770570755005,15.24032211303711,-18.899925231933594,0.8053385615348816,0.04130106419324875,0.9573612809181213,0.0049998401664197445,0.819865345954895,0.04265132546424866,0.8827137351036072,0.006050789263099432
10,15.97379464465834,7.532116163159209,23.53211616315921,7.558321518500868,0.8517138957977295,4.221888542175293,-7.178783893585205,0.8264349699020386,0.027383219450712204,0.8364949822425842,0.002663135528564453,0.8335151076316833,0.021672416478395462,0.806731104850769,0.004956639371812344
11,15.963659570494132,7.543906153362197,23.543906153362197,7.580246582868066,0.8164909482002258,-3.2268967628479004,2.0954091548919678,0.8276649713516235,0.03587905317544937,0.8309209942817688,0.00289709004573524,0.8386529088020325,0.011128147132694721,0.7780452370643616,0.0045015704818069935
12,15.954979446395935,7.5542196171874805,23.55421961718748,7.599240170791546,0.9532379508018494,-13.100553512573242,12.52254581451416,0.8063756823539734,0.06513766944408417,0.9489567875862122,0.004254620987921953,0.8413804173469543,0.006426933221518993,0.7654774785041809,0.004961146507412195
13,15.948923882514118,7.561782564960627,23.561782564960627,7.612858682446509,1.210191011428833,-26.78799819946289,25.857629776000977,0.7741295099258423,0.10178597271442413,1.1339482069015503,0.0060910554602742195,0.8433859944343567,0.0046812198124825954,0.757605254650116,0.005647201556712389
14,15.947063410092783,7.565033437409623,23.565033437409625,7.617970027316842,1.362522006034851,-34.42444610595703,33.2674446105957,0.757993221282959,0.119277723133564,1.2302134037017822,0.007097991649061441,0.8441891074180603,0.004346576984971762,0.7546300292015076,0.005985408555716276
15,15.949917703505625,7.563462695115827,23.563462695115827,7.613544991610203,1.2273283004760742,-27.622343063354492,26.728527069091797,0.7723131775856018,0.10406402498483658,1.1444003582000732,0.006143354810774326,0.8436492085456848,0.004627689719200134,0.7568915486335754,0.005829937756061554
16,15.95607940694964,7.558482757022118,23.55848275702212,7.60240335007248,0.9962538480758667,-15.408651351928711,15.024909973144531,0.8010106682777405,0.07254517823457718,0.9789291620254517,0.004519282374531031,0.8419202566146851,0.005919396877288818,0.764119029045105,0.0053483592346310616
17,15.96367055903846,7.55196239907025,23.55196239907025,7.588291840031788,0.8499993681907654,-6.3892669677734375,6.245306015014648,0.8234438896179199,0.04566385596990585,0.8547322154045105,0.003393407678231597,0.8394163846969604,0.008772178553044796,0.7752655148506165,0.004846739117056131
18,15.971404944237964,7.545198779795333,23.545198779795335,7.573793835557371,0.802723228931427,-0.7594519257545471,0.18497514724731445,0.8326300382614136,0.031189540401101112,0.8043147325515747,0.00272126542404294,0.8362616300582886,0.01350804977118969,0.7908738255500793,0.004610329866409302
19,15.978535597982898,7.539026418260237,23.539026418260235,7.560490820277337,0.8275914788246155,3.5757696628570557,-5.099390029907227,0.8311806917190552,0.02765742875635624,0.8110392689704895,0.0024618750903755426,0.8320741653442383,0.020205656066536903,0.8133516311645508,0.0047442433424293995
20,15.984536947418468,7.534119631886792,23.534119631886792,7.549582684468325,0.8979767560958862,7.706377983093262,-10.161558151245117,0.8243279457092285,0.030808214098215103,0.8477493524551392,0.0026853096205741167,0.8268618583679199,0.0280540119856596,0.8421589732170105,0.005110383033752441
21,15.988943137934381,7.5310785187262566,23.531078518726257,7.542135380791876,0.9765250086784363,11.28922176361084,-14.290937423706055,0.8171525597572327,0.035962220281362534,0.8873910903930664,0.0031550175044685602,0.8218711614608765,0.03494665026664734,0.8698657155036926,0.005458798725157976
22,15.991394253390085,7.530327531829841,23.53032753182984,7.538933278439755,1.0178253650665283,13.106202125549316,-16.231365203857422,0.8137076497077942,0.039006154984235764,0.9066706895828247,0.0034043036866933107,0.8190937042236328,0.03832918405532837,0.8852068781852722,0.0056144618429243565
23,15.991801849441423,7.531945631020894,23.531945631020893,7.54014378157947,0.9975715279579163,12.397894859313965,-15.241443634033203,0.8158203959465027,0.037971969693899155,0.8946488499641418,0.003190139774233103,0.8196274042129517,0.03697687387466431,0.8820242285728455,0.005528452340513468
24,15.990435015782046,7.535591636745823,23.535591636745824,7.545156620963779,0.9331725835800171,9.754547119140625,-11.855889320373535,0.8223122358322144,0.033942874521017075,0.858640193939209,0.0027426420710980892,0.8227648138999939,0.03191423416137695,0.8643397688865662,0.005266201216727495
25,15.987810086209423,7.540616668899949,23.54061666889995,7.552806582690527,0.8638789653778076,6.447597026824951,-7.458498954772949,0.8300355672836304,0.029779648408293724,0.8171374201774597,0.002485065022483468,0.8269003033638,0.025426344946026802,0.8414308428764343,0.005001620389521122
26,15.984496332678413,7.546279292200049,23.546279292200047,7.561782959521635,0.817907989025116,3.3053486347198486,-3.281824827194214,0.8357280492782593,0.028091371059417725,0.7877024412155151,0.0025821749586611986,0.8308602571487427,0.019429141655564308,0.820256233215332,0.004922659136354923
27,15.980998345706382,7.551922360448583,23.551922360448582,7.5709240147422,0.8028213381767273,0.45792853832244873,0.1530514508485794,0.8373429179191589,0.030158888548612595,0.7801257371902466,0.0028672576881945133,0.8342307806015015,0.014771982096135616,0.8032063245773315,0.005087996833026409
28,15.977744038303122,7.557040985480371,23.55704098548037,7.579296947177248,0.8137044310569763,-2.2799904346466064,2.966548442840576,0.8346314430236816,0.03574556112289429,0.7949649691581726,0.003127195406705141,0.8369585275650024,0.01151533704251051,0.7901709675788879,0.005410816986113787
29,15.975118008793755,7.561255080556927,23.561255080556926,7.58613707176317,0.8405791521072388,-4.94132137298584,5.399209976196289,0.8291234970092773,0.043209969997406006,0.8242896199226379,0.0033027143217623234,0.8390265703201294,0.009421922266483307,0.7806577682495117,0.005755401216447353
30,15.973469403483385,7.56426596763724,23.56426596763724,7.590796564153855,0.8695520162582397,-7.138683319091797,7.316154956817627,0.8235554099082947,0.04992041364312172,0.8539937138557434,0.0034196937922388315,0.840385377407074,0.008239023387432098,0.7745192646980286,0.006020115222781897
31,15.973054579086797,7.565873450893568,23.56587345089357,7.592818871806772,0.8852177262306213,-8.217191696166992,8.225333213806152,0.8206874132156372,0.05326415225863457,0.8693448305130005,0.0034682147670537233,0.8409956693649292,0.007783043663948774,0.7718240022659302,0.006161152385175228
32,15.973941321803585,7.566047740174062,23.566047740174064,7.592106418370479,0.8795081377029419,-7.809277534484863,7.819379806518555,0.8218151926994324,0.05206761509180069,0.8632228970527649,0.0034267944283783436,0.8408669233322144,0.007948401384055614,0.7725543975830078,0.00617878045886755
33,15.975963514339446,7.5649674574069525,23.56496745740695,7.589003943067505,0.8577321171760559,-6.201109886169434,6.370349407196045,0.8261523842811584,0.047216255217790604,0.8399715423583984,0.0033286826219409704,0.8400564193725586,0.008694803342223167,0.7764883041381836,0.006093623582273722
34,15.978780453917294,7.562963150029264,23.562963150029262,7.584182696111968,0.8325731754302979,-4.045798301696777,4.470011234283447,0.8316167593002319,0.04087985306978226,0.8109479546546936,0.0032296334393322468,0.8386625647544861,0.010011360049247742,0.7832104563713074,0.005937063600867987
35,15.981989670633329,7.560413516577796,23.560413516577796,7.578423845944467,0.8142768144607544,-1.8690537214279175,2.5563361644744873,0.8362321853637695,0.03512420505285263,0.7866018414497375,0.0031436756253242493,0.8368108868598938,0.011870152316987514,0.7922039031982422,0.005749981384724379
36,15.985213158697386,7.557672570925539,23.55767257092554,7.572459412228154,0.806951642036438,0.10517889261245728,0.7695506811141968,0.8389466404914856,0.03110595978796482,0.7722481489181519,0.003051505656912923,0.8346549272537231,0.014177952893078327,0.8028286695480347,0.005575336515903473
37,15.98813114615377,7.5550491278386005,23.5550491278386,7.566917981684831,0.8099210858345032,1.8291105031967163,-0.888070821762085,0.839693009853363,0.029024412855505943,0.7681017518043518,0.00294645712710917,0.8323962092399597,0.01673167012631893,0.814165472984314,0.005445071496069431
38,15.990486045483216,7.552809786574724,23.552809786574723,7.562323741091507,0.8195286393165588,3.2648935317993164,-2.3671772480010986,0.8390739560127258,0.02843659184873104,0.7710480093955994,0.002847384661436081,0.8303050994873047,0.019194288179278374,0.8248467445373535,0.0053689745254814625
39,15.99208498969,7.551173376903381,23.55117337690338,7.559088387213382,0.8303845524787903,4.316746234893799,-3.5126419067382812,0.8379762768745422,0.02861436828970909,0.7765535712242126,0.002776239300146699,0.8286991119384766,0.021139325574040413,0.8331573605537415,0.00533516937866807
40,15.992812183044215,7.550287240286886,23.550287240286885,7.557475057242669,0.8370984792709351,4.860469341278076,-4.130353927612305,0.8372028470039368,0.02887873165309429,0.7804742455482483,0.002740153344348073,0.8278611898422241,0.022177591919898987,0.8375141024589539,0.005321499425917864
41,15.992645462883955,7.550197809623852,23.550197809623853,7.557552346739898,0.8366618752479553,4.832352161407471,-4.114137172698975,0.8371769785881042,0.02885640226304531,0.7805953621864319,0.0027357155922800303,0.8279170393943787,0.022125152871012688,0.8371846079826355,0.0053122821263968945
42,15.991661529051429,7.550838118950942,23.550838118950942,7.559176589899513,0.8297358155250549,4.280787944793701,-3.514145851135254,0.8378299474716187,0.028584258630871773,0.7772707939147949,0.0027605623472481966,0.8287838697433472,0.021077286452054977,0.8326023817062378,0.005306817591190338
43,15.990021494105223,7.552043556576019,23.55204355657602,7.562022062470797,0.8198637962341309,3.350191831588745,-2.5113236904144287,0.8387170433998108,0.028404291719198227,0.7728093266487122,0.002813462633639574,0.8302077651023865,0.019357575103640556,0.8251506686210632,0.00531515758484602
44,15.987940600998803,7.553589921538937,23.553589921538936,7.565649320540134,0.8111414909362793,2.2050156593322754,-1.3151456117630005,0.8392865061759949,0.02872547134757042,0.7700542211532593,0.0028866047505289316,0.831879734992981,0.017364155501127243,0.8165016174316406,0.005347806494683027
45,15.98565621878845,7.555234432825039,23.55523443282504,7.569578214036589,0.8063479661941528,0.9830149412155151,-0.09078796207904816,0.8391512632369995,0.029790112748742104,0.7709704041481018,0.002965629333630204,0.8335315585136414,0.015434219501912594,0.808061957359314,0.0054045505821704865
46,15.983402350430197,7.556746516883142,23.55674651688314,7.573344166452944,0.8061969876289368,-0.20695407688617706,1.054450511932373,0.8382483720779419,0.03153528645634651,0.7758509516716003,0.00303737074136734,0.8349762558937073,0.013786752708256245,0.8007630705833435,0.005473650060594082
47,15.98139059398333,7.557926461016325,23.557926461016326,7.576535867032996,0.8094824552536011,-1.2602601051330566,2.0393292903900146,0.8368573188781738,0.033590517938137054,0.7832432985305786,0.003095461754128337,0.8361032605171204,0.0125306760892272,0.7951048612594604,0.0055356877855956554
48,15.979792696632547,7.558618397830029,23.55861839783003,7.578825701197484,0.8137978911399841,-2.059173583984375,2.7767467498779297,0.8354690670967102,0.035401128232479095,0.7905927896499634,0.0031370327342301607,0.8368557095527649,0.011700649745762348,0.7913082242012024,0.005571503192186356
49,15.978721451310712,7.558723820257211,23.55872382025721,7.580002368946499,0.816548228263855,-2.4929699897766113,3.17722749710083,0.8345735669136047,0.03643687441945076,0.7953296303749084,0.003158202162012458,0.8372158408164978,0.011293476447463036,0.7894105315208435,0.005566923879086971
50,15.978213837780988,7.5582148674926435,23.558214867492644,7.5800010297116565,0.8161934018135071,-2.5071802139282227,3.190934896469116,0.8344300389289856,0.036416567862033844,0.7960758805274963,0.003154020057991147,0.8371973633766174,0.011287708766758442,0.7893202900886536,0.005516726989299059
51,15.978225648186775,7.557139295463156,23.557139295463156,7.57891364727638,0.812924325466156,-2.1345489025115967,2.8357925415039062,0.834958016872406,0.03541988134384155,0.7932397127151489,0.0031212104950100183,0.8368436694145203,0.011650648899376392,0.7908258438110352,0.005425647366791964
52,15.978642932566627,7.555612120165161,23.55561212016516,7.576969187598534,0.8083373308181763,-1.4799773693084717,2.1876473426818848,0.8358129262924194,0.03381451591849327,0.7886218428611755,0.0030600170139223337,0.836225688457489,0.01233729813247919,0.7936089634895325,0.005307457875460386
53,15.979306530688671,7.553796555628331,23.55379655562833,7.57449002493966,0.8044091463088989,-0.6758770942687988,1.3484700918197632,0.8365821242332458,0.032069481909275055,0.7843875885009766,0.002975370269268751,0.8354366421699524,0.013277237303555012,0.797254741191864,0.005181244574487209
54,15.980040437083753,7.551881021296135,23.551881021296136,7.571840584212383,0.8025161027908325,0.15389664471149445,0.4242043197154999,0.8369811177253723,0.03056122548878193,0.7820423245429993,0.002878071740269661,0.8345855474472046,0.014366691000759602,0.8012700080871582,0.005066152196377516
55,15.980676849697979,7.550056726585272,23.55005672658527,7.569379876887293,0.8028948903083801,0.9074524641036987,-0.4773123264312744,0.8369444012641907,0.029477421194314957,0.7819653153419495,0.002783076371997595,0.8337903022766113,0.015461851842701435,0.8050872087478638,0.0049745673313736916
56,15.981075492272309,7.54849612028822,23.54849612028822,7.5674206280159115,0.8047138452529907,1.5016162395477295,-1.244460105895996,0.8366016745567322,0.028821971267461777,0.7835225462913513,0.0027047470211982727,0.833166241645813,0.016393940895795822,0.8081140518188477,0.0049094343557953835
57,15.981138162150822,7.547331725452594,23.547331725452594,7.566193563301772,0.8065782189369202,1.8699570894241333,-1.7725231647491455,0.8361697793006897,0.028493763878941536,0.7856144905090332,0.0026515156496316195,0.832804262638092,0.017007440328598022,0.8098516464233398,0.004865588154643774
58,15.980819127080732,7.54663753424972,23.54663753424972,7.565818407168987,0.8072655200958252,1.9730263948440552,-1.9898382425308228,0.8358299136161804,0.028387175872921944,0.7873057723045349,0.002625054446980357,0.8327564597129822,0.017197156324982643,0.809992790222168,0.004834742285311222
59,15.980129494905261,7.546418264586704,23.546418264586706,7.566288769681444,0.8063855767250061,1.811453938484192,-1.8830028772354126,0.8356480002403259,0.02845647558569908,0.7882495522499084,0.002623314270749688,0.8330091238021851,0.01695343479514122,0.8085862398147583,0.004811510909348726
60,15.979133199578857,7.5466113263580255,23.546611326358025,7.567478126779168,0.8044483065605164,1.425247073173523,-1.497019648551941,0.8355637192726135,0.02872515097260475,0.7887510657310486,0.0026435793843120337,0.8334984183311462,0.016354365274310112,0.8059620261192322,0.00479443883523345
61,15.97793520386355,7.547100832246785,23.547100832246784,7.569165628383233,0.8024736046791077,0.8830398917198181,-0.9195228219032288,0.8354512453079224,0.029239019379019737,0.7894552946090698,0.0026820043567568064,0.8341230750083923,0.01554149854928255,0.8026564717292786,0.004784766584634781
62,15.976664558626029,7.547739665015663,23.547739665015662,7.5710751063896335,0.80136638879776,0.2688870131969452,-0.2576753497123718,0.8352046608924866,0.029995497316122055,0.7908940315246582,0.0027323176618665457,0.8347769975662231,0.014671887271106243,0.79923015832901,0.004783383570611477
63,15.975455320750035,7.5483742832324765,23.548374283232477,7.572918962482442,0.8014453053474426,-0.3317355513572693,0.3834497332572937,0.8348020911216736,0.030903445556759834,0.7931547164916992,0.0027854701038450003,0.8353723883628845,0.013878719881176949,0.796134889125824,0.004788070451468229
64,15.974428349974849,7.548867536771426,23.548867536771425,7.574439186796576,0.8023589849472046,-0.8372068405151367,0.9113936424255371,0.8343242406845093,0.03178229182958603,0.79578697681427,0.0028314287774264812,0.8358436226844788,0.013257293030619621,0.7936919927597046,0.004793352447450161
65,15.973675023847852,7.549117367804864,23.549117367804865,7.575442343957013,0.8033913373947144,-1.1797230243682861,1.2536890506744385,0.8339038491249084,0.0324249342083931,0.7980727553367615,0.002861144719645381,0.8361527323722839,0.01286305021494627,0.7920781373977661,0.004793405532836914
66,15.973244889856062,7.549070027427834,23.549070027427835,7.575825137571773,0.803868293762207,-1.317693829536438,1.3684030771255493,0.8336566090583801,0.03267645090818405,0.7993897199630737,0.002869013696908951,0.8362872004508972,0.012714843265712261,0.7913431525230408,0.00478420639410615
67,15.973139714437645,7.548725793347135,23.548725793347135,7.57558607890949,0.8035523891448975,-1.2466832399368286,1.2512630224227905,0.8336194157600403,0.032497555017471313,0.7995396852493286,0.0028538969345390797,0.836253821849823,0.012805355712771416,0.791450023651123,0.004765550140291452
68,15.973315946684274,7.548136037917477,23.548136037917477,7.574820091233203,0.8027085661888123,-1.000110387802124,0.9371182918548584,0.8337382674217224,0.031973421573638916,0.7988173365592957,0.0028196449857205153,0.8360802531242371,0.013102258555591106,0.7922686338424683,0.0047409734688699245
69,15.973695263369413,7.547391822950952,23.547391822950953,7.57369655958154,0.8018664717674255,-0.6374322175979614,0.48840656876564026,0.8339136838912964,0.031266409903764725,0.7977632284164429,0.002773831831291318,0.8358064293861389,0.013551774434745312,0.7936105132102966,0.004716072231531143
70,15.974180123192498,7.546607098054223,23.546607098054224,7.572426974861726,0.8014723658561707,-0.23092234134674072,-0.013503238558769226,0.8340548276901245,0.03055037371814251,0.7968792915344238,0.002725582104176283,0.8354834914207458,0.014079357497394085,0.7952287793159485,0.004695712588727474
71,15.974671120946653,7.545898746193383,23.545898746193384,7.571227625246731,0.8016299605369568,0.150785893201828,-0.48654410243034363,0.8341251015663147,0.029951930046081543,0.7963814735412598,0.0026831363793462515,0.8351661562919617,0.014597569592297077,0.7968431711196899,0.004682324826717377
72,15.975082379636993,7.5453677829641,23.5453677829641,7.570285403327107,0.8021067976951599,0.4493037760257721,-0.8563143610954285,0.8341412544250488,0.029533594846725464,0.7962011098861694,0.0026521736290305853,0.8349064588546753,0.015018165111541748,0.7981809973716736,0.004675721284002066
73,15.975353632350737,7.545083533967632,23.54508353396763,7.569729901616894,0.8025272488594055,0.625901460647583,-1.0707459449768066,0.8341452479362488,0.029309775680303574,0.796127438545227,0.0026353413704782724,0.8347446322441101,0.01527249626815319,0.7990239858627319,0.004674120340496302
74,15.975457065238752,7.545073995959445,23.545073995959445,7.569616930720693,0.8026031851768494,0.6636370420455933,-1.1064279079437256,0.8341726064682007,0.029269499704241753,0.7959781885147095,0.0026332091074436903,0.8347012400627136,0.015324407257139683,0.7992569804191589,0.004675897303968668
75,15.975398756382045,7.545323477053589,23.54532347705359,7.569924720671544,0.8023074269294739,0.5690602660179138,-0.9720999002456665,0.8342280387878418,0.029394954442977905,0.7957249283790588,0.0026446899864822626,0.834771454334259,0.01518340315669775,0.7989044189453125,0.0046805632300674915
76,15.975214648167485,7.545777887314482,23.545777887314483,7.570563239146997,0.8018414974212646,0.3706282079219818,-0.7060167789459229,0.8342872262001038,0.029667997732758522,0.7954872846603394,0.00266764173284173,0.8349314332008362,0.01489364355802536,0.7980941534042358,0.00468887435272336
77,15.974961752236338,7.546356587332854,23.546356587332852,7.571394835096514,0.8014695048332214,0.1108657568693161,-0.36418184638023376,0.8343238830566406,0.030052410438656807,0.795390248298645,0.0026984219439327717,0.8351415991783142,0.01452490221709013,0.7970361709594727,0.0047013903968036175
78,15.974706701387188,7.546967604235389,23.54696760423539,7.572260902848203,0.8013624548912048,-0.16050687432289124,-0.010268166661262512,0.83432537317276,0.03049042820930481,0.7954850792884827,0.002732038265094161,0.8353565335273743,0.014151187613606453,0.7959676384925842,0.004717479459941387
79,15.974513411128207,7.547523619329237,23.547523619329237,7.57301020820103,0.8014950156211853,-0.3953719735145569,0.2967745363712311,0.8343064188957214,0.03090139850974083,0.795677125453949,0.0027627788949757814,0.8355374336242676,0.013836296275258064,0.7950835824012756,0.004735183902084827
80,15.974431969745714,7.547955720035264,23.547955720035265,7.573523750289551,0.8017083406448364,-0.5551929473876953,0.5126969814300537,0.8343014717102051,0.031202850863337517,0.7957713007926941,0.0027857855893671513,0.8356537818908691,0.013624893501400948,0.7945343255996704,0.004751706961542368
81,15.974490564642304,7.548222656553281,23.548222656553282,7.573732091910978,0.8018262982368469,-0.6171497106552124,0.6122968792915344,0.8343430161476135,0.03133466839790344,0.7955899834632874,0.002797804307192564,0.8356872797012329,0.013540494255721569,0.7944043278694153,0.0047643473371863365
82,15.974691712877595,7.5483148382706045,23.548314838270606,7.573623125393011,0.8017624616622925,-0.576039731502533,0.5910956859588623,0.8344441652297974,0.031279221177101135,0.7950620055198669,0.0027980890590697527,0.8356347680091858,0.013585680164396763,0.7947056889533997,0.004771924577653408
83,15.975012973655929,7.548252999068693,23.548252999068694,7.573240025412765,0.8015655279159546,-0.4464268088340759,0.46583887934684753,0.8345925211906433,0.03106578066945076,0.7942578196525574,0.0027883464936167,0.8355063796043396,0.013743842951953411,0.7953864932060242,0.004774719476699829
84,15.975412375795552,7.548081750712551,23.54808175071255,7.572669374917,0.801360547542572,-0.2579781413078308,0.2699459195137024,0.8347567915916443,0.030758533626794815,0.793350875377655,0.0027719519566744566,0.8353249430656433,0.013981832191348076,0.796333372592926,0.004774362780153751
85,15.975837121877705,7.547859480258639,23.547859480258637,7.5720223583809325,0.8012627959251404,-0.046442821621894836,0.04424215853214264,0.8349090218544006,0.030428199097514153,0.7924990057945251,0.0027530158404260874,0.8351189494132996,0.014257422648370266,0.7974042296409607,0.004772645886987448
86,15.9762331506431,7.547647135036192,23.547647135036193,7.571413984393093,0.8012942671775818,0.15160131454467773,-0.16879507899284363,0.835030734539032,0.030137374997138977,0.791811466217041,0.0027355097699910402,0.8349224328994751,0.014521533623337746,0.798427164554596,0.004771400708705187
87,15.976554217863569,7.547497398632959,23.54749739863296,7.57094318076939,0.8014066815376282,0.3043923079967499,-0.33103352785110474,0.835119903087616,0.029925819486379623,0.7913075685501099,0.002722732024267316,0.8347654938697815,0.014729139395058155,0.7992492318153381,0.00477172527462244
88,15.976769137092235,7.547445734414191,23.54744573441419,7.570676597321954,0.8015007376670837,0.3919506072998047,-0.4183073043823242,0.8351830840110779,0.02981354482471943,0.7909590005874634,0.00271659716963768,0.8346701860427856,0.014848068356513977,0.7997550368309021,0.004773871507495642
89,15.976865568855441,7.547505612304336,23.547505612304334,7.570640043448893,0.8015152812004089,0.4061938226222992,-0.4207606613636017,0.8352280259132385,0.029802601784467697,0.7907280921936035,0.0027177922893315554,0.8346458673477173,0.01486495602875948,0.7998974919319153,0.004778028465807438
90,15.976850565378124,7.54766772057972,23.54766772057972,7.570817155201597,0.8014481067657471,0.35253724455833435,-0.3448610007762909,0.8352558016777039,0.0298839770257473,0.7906069159507751,0.0027257141191512346,0.8346890211105347,0.014786002226173878,0.7996931076049805,0.0047841742634773254
91,15.976747684265558,7.5479034127283695,23.54790341272837,7.571155728462813,0.8013507127761841,0.2472856640815735,-0.21071980893611908,0.8352640271186829,0.03003963641822338,0.7906028628349304,0.002738715847954154,0.8347822427749634,0.01463677454739809,0.7992326617240906,0.004791789688169956
92,15.976591563261906,7.548171413119734,23.548171413119732,7.571579849857827,0.8012877106666565,0.11418859660625458,-0.04713164269924164,0.8352490663528442,0.030241861939430237,0.7907273173332214,0.0027542689349502325,0.834904134273529,0.014451068826019764,0.7986255288124084,0.004800128750503063
93,15.976421002558649,7.548426276572581,23.54842627657258,7.572005274013932,0.8012864589691162,-0.019395887851715088,0.11356563866138458,0.8352171778678894,0.030453002080321312,0.7909393310546875,0.0027697107288986444,0.8350272178649902,0.014267563819885254,0.798010528087616,0.004808086436241865
94,15.976271633622883,7.548627147658622,23.54862714765862,7.572355514035738,0.8013344407081604,-0.13082578778266907,0.2453060895204544,0.8351786732673645,0.030633119866251945,0.7911778092384338,0.0027823152486234903,0.8351288437843323,0.014118517749011517,0.7975030541419983,0.004814549349248409
95,15.976170347826026,7.548744223920098,23.548744223920096,7.57257387609407,0.8013854622840881,-0.20061056315898895,0.3259987235069275,0.835146963596344,0.030748341232538223,0.7913660407066345,0.002789947669953108,0.8351935148239136,0.014025927521288395,0.7971776127815247,0.004818121436983347
96,15.976130947297355,7.548763700406918,23.54876370040692,7.5726327531095645,0.8014020919799805,-0.22011500597000122,0.34657037258148193,0.8351315855979919,0.030779331922531128,0.7914511561393738,0.0027916226536035538,0.835212230682373,0.014001203700900078,0.797080397605896,0.004818281624466181
97,15.976152944797812,7.548688895992625,23.548688895992626,7.572535951194814,0.8013694286346436,-0.18948638439178467,0.30734455585479736,0.8351350426673889,0.030725372955203056,0.7914212942123413,0.002787496894598007,0.8351868987083435,0.014041982591152191,0.7972015738487244,0.004815217107534409
98,15.976222745980149,7.548538799720743,23.548538799720742,7.572316053740593,0.801319420337677,-0.1207219660282135,0.2222253680229187,0.8351492285728455,0.030608657747507095,0.7913217544555664,0.00277887424454093,0.835127055644989,0.014134411700069904,0.7974936366081238,0.004809587262570858
99,15.976317861587678,7.548343087395592,23.548343087395594,7.572025225807916,0.80128413438797,-0.029624417424201965,0.10927198827266693,0.8351653218269348,0.030457792803645134,0.7912044525146484,0.0027675528544932604,0.8350462913513184,0.014258702285587788,0.7978906035423279,0.0048024579882621765
100,15.976411802547542,7.5481364027115765,23.548136402711577,7.5717246001640355,0.8012735843658447,0.06451523303985596,-0.008566275238990784,0.835174560546875,0.03030587173998356,0.7911209464073181,0.002755816327407956,0.8349639177322388,0.014387703500688076,0.7982946634292603,0.004795159678906202
101,15.976479532873602,7.547951745228041,23.54795174522804,7.571472212354438,0.8012890219688416,0.14311201870441437,-0.10949622094631195,0.835173487663269,0.030180515721440315,0.7910972237586975,0.0027457207906991243,0.8348962664604187,0.014497404918074608,0.7986254096031189,0.004788638092577457
102,15.976502321451704,7.547814673604927,23.547814673604925,7.571312352153221,0.801314651966095,0.19181445240974426,-0.17600113153457642,0.8351587057113647,0.0301026813685894,0.7911529541015625,0.0027387195732444525,0.8348563313484192,0.014567062258720398,0.7988151907920837,0.00478333467617631
103,15.976471089329086,7.547739116160582,23.54773911616058,7.571268026831495,0.8013191819190979,0.20386344194412231,-0.19956116378307343,0.8351343870162964,0.030078696087002754,0.7912707924842834,0.002735694870352745,0.834851861000061,0.014585904777050018,0.7988253831863403,0.004779607057571411
104,15.97638745222546,7.547725973834566,23.547725973834567,7.571338521609107,0.8013100624084473,0.17940197885036469,-0.17997786402702332,0.8351010084152222,0.030108781531453133,0.7914472818374634,0.0027365372516214848,0.8348808288574219,0.014555370435118675,0.7986665964126587,0.004777550231665373
105,15.976262813260359,7.547764125869284,23.547764125869286,7.571501312608927,0.8012816309928894,0.12649044394493103,-0.12634199857711792,0.8350613713264465,0.030182361602783203,0.7916666865348816,0.002740552183240652,0.8349367380142212,0.014483869075775146,0.798370897769928,0.004776733927428722
106,15.976115365913412,7.547833937632495,23.547833937632497,7.571718571719085,0.8012673258781433,0.05585278570652008,-0.05156588554382324,0.8350153565406799,0.030285073444247246,0.7919248938560486,0.0027465992607176304,0.8350076675415039,0.014389349147677422,0.7980008125305176,0.004776825197041035
107,15.975966602190672,7.547911560134289,23.54791156013429,7.571944957943616,0.8012593388557434,-0.01818940043449402,0.027808114886283875,0.8349676132202148,0.030395355075597763,0.7921935319900513,0.0027531113009899855,0.8350817561149597,0.014290979132056236,0.7976148724555969,0.004777249414473772
108,15.975837097440747,7.547973916645832,23.54797391664583,7.572136819205083,0.8012707233428955,-0.08095598220825195,0.09418748319149017,0.8349238634109497,0.03048957698047161,0.7924385070800781,0.0027585795614868402,0.8351439237594604,0.014208542183041573,0.7972906827926636,0.0047775148414075375
109,15.975742519977366,7.548003602575667,23.54800360257567,7.5722610825983026,0.8012826442718506,-0.1218956708908081,0.13564442098140717,0.8348888754844666,0.030550796538591385,0.7926304936408997,0.0027617814484983683,0.8351856470108032,0.014155498705804348,0.7970708608627319,0.004776961635798216
110,15.975691098869039,7.547991798914216,23.547991798914218,7.572300700045179,0.801287055015564,-0.1354304850101471,0.14559906721115112,0.8348660469055176,0.030569611117243767,0.7927511930465698,0.0027621386107057333,0.8352022171020508,0.014138585887849331,0.7969793081283569,0.0047755795530974865
111,15.975682676995815,7.547939439501128,23.54793943950113,7.572256762505313,0.8012819886207581,-0.12276454269886017,0.1255604326725006,0.834855854511261,0.030545618385076523,0.7927975654602051,0.0027598298620432615,0.8351942300796509,0.014156699180603027,0.797012209892273,0.004773170221596956
112,15.975709742776033,7.547855973357122,23.547855973357123,7.57214623058109,0.8012716770172119,-0.08828437328338623,0.08076417446136475,0.8348569273948669,0.030487431213259697,0.7927783131599426,0.0027552556712180376,0.8351655602455139,0.014204212464392185,0.7971512079238892,0.004770196042954922
113,15.975759274836225,7.547757157915536,23.547757157915534,7.571997883079309,0.8012615442276001,-0.04158274829387665,0.022415846586227417,0.8348638415336609,0.030410775914788246,0.7927246689796448,0.0027495245449244976,0.8351260423660278,0.014267602935433388,0.7973471879959106,0.00476702768355608
114,15.975815919624122,7.547661299869602,23.547661299869603,7.571845380245481,0.8012611865997314,0.006287410855293274,-0.03664863109588623,0.8348726630210876,0.030333979055285454,0.7926620244979858,0.0027438588440418243,0.835084080696106,0.014333014376461506,0.797556459903717,0.00476414430886507
115,15.975865334842757,7.547585318830197,23.547585318830198,7.571719983987441,0.8012678623199463,0.046088263392448425,-0.0852915570139885,0.8348803520202637,0.03027169406414032,0.7926080822944641,0.002739275572821498,0.8350489735603333,0.014387254603207111,0.7977324724197388,0.004762033466249704
116,15.97589674879098,7.547541616512161,23.547541616512163,7.571644867721183,0.8012741208076477,0.0697949230670929,-0.1139562651515007,0.8348858952522278,0.03023475967347622,0.7925716042518616,0.0027366136200726032,0.8350275754928589,0.0144199775531888,0.7978405356407166,0.0047609033063054085
117,15.975904971885331,7.547535652345518,23.547535652345516,7.571630680460185,0.8012744188308716,0.07486185431480408,-0.11948680877685547,0.8348880410194397,0.03022807650268078,0.7925586104393005,0.0027361810207366943,0.8350234031677246,0.014425761997699738,0.7978615164756775,0.00476077338680625
118,15.975890665115845,7.547565594573606,23.547565594573605,7.57167492945776,0.801270604133606,0.060708120465278625,-0.10169845819473267,0.8348873853683472,0.030249709263443947,0.7925673723220825,0.002737863454967737,0.8350347876548767,0.01440719235688448,0.7978051900863647,0.0047616842202842236
119,15.97586002168001,7.547622872191205,23.547622872191205,7.571762850511195,0.8012636303901672,0.03268447518348694,-0.06670548766851425,0.8348842859268188,0.030293239280581474,0.7925930023193359,0.002741157542914152,0.8350588083267212,0.014368822798132896,0.7976855039596558,0.0047634197399020195
120,15.975822742853822,7.547694553897102,23.547694553897102,7.57187181104328,0.8012619018554688,-0.001267164945602417,-0.024224765598773956,0.8348798751831055,0.03034849464893341,0.792628824710846,0.0027453259099274874,0.8350886106491089,0.014321760274469852,0.7975376844406128,0.004765628837049007
121,15.975789416755617,7.5477666118937785,23.547766611893778,7.57197719513816,0.8012595772743225,-0.034483566880226135,0.01773644983768463,0.8348771333694458,0.030401388183236122,0.7926549911499023,0.0027493976522237062,0.8351165056228638,0.014276466332376003,0.7973999381065369,0.004767879378050566
122,15.975769485155967,7.547826409567342,23.547826409567342,7.572056924411376,0.8012640476226807,-0.05896046757698059,0.04962886869907379,0.8348774313926697,0.03044288046658039,0.79266357421875,0.0027526633348315954,0.835136890411377,0.01424252800643444,0.7973008751869202,0.004770056810230017
123,15.975768973058448,7.547865458476125,23.547865458476124,7.572096485417676,0.8012663125991821,-0.070840984582901,0.06691943109035492,0.8348823189735413,0.03046387806534767,0.7926436066627502,0.0027545352932065725,0.8351455330848694,0.014225724153220654,0.7972612380981445,0.004771680571138859
124,15.975789632302398,7.547880436960217,23.547880436960217,7.572090804657819,0.8012661933898926,-0.0684596598148346,0.0673425942659378,0.8348928689956665,0.030461415648460388,0.7925890684127808,0.0027548871003091335,0.8351408839225769,0.01422854233533144,0.7972894310951233,0.0047726379707455635
125,15.975828804672906,7.54787344220493,23.54787344220493,7.572044637532025,0.8012632131576538,-0.053149327635765076,0.052363842725753784,0.8349074721336365,0.030439481139183044,0.7925093770027161,0.0027538356371223927,0.8351249694824219,0.014247983694076538,0.797374427318573,0.004773084074258804
126,15.97588019214946,7.547851086358914,23.547851086358914,7.5719708942094535,0.8012621402740479,-0.028663158416748047,0.02677902579307556,0.8349248170852661,0.030403513461351395,0.7924126386642456,0.0027517620474100113,0.8351008296012878,0.014279508031904697,0.7975001931190491,0.004773092921823263
127,15.975935291557526,7.54782264693649,23.54782264693649,7.571887355378962,0.8012599349021912,-0.001988455653190613,-0.0017839223146438599,0.8349431753158569,0.030362781137228012,0.7923102974891663,0.0027494016103446484,0.8350740075111389,0.014315665699541569,0.7976405024528503,0.004773053806275129
128,15.975985691571609,7.547797495160356,23.547797495160356,7.571811803588748,0.8012585043907166,0.0228901207447052,-0.028238356113433838,0.8349595665931702,0.030325770378112793,0.792218029499054,0.002747226506471634,0.8350493311882019,0.014348153956234455,0.7977685332298279,0.0047728572972118855
129,15.976024269953374,7.547783520131612,23.547783520131613,7.571759250178239,0.8012633919715881,0.040184348821640015,-0.04610811173915863,0.8349724411964417,0.030300987884402275,0.792146623134613,0.0027458700351417065,0.8350319862365723,0.014370948076248169,0.7978598475456238,0.004773022141307592
130,15.97604684700136,7.547785246042706,23.547785246042707,7.571738399041347,0.8012622594833374,0.04705365002155304,-0.051893413066864014,0.8349814414978027,0.030291680246591568,0.7920989394187927,0.0027455450035631657,0.8350237607955933,0.014379880391061306,0.7979046702384949,0.004773498512804508
131,15.97605280357627,7.5478030284038375,23.547803028403838,7.571750224827568,0.8012633919715881,0.0439770370721817,-0.04609899967908859,0.83498615026474,0.030298558995127678,0.7920766472816467,0.002746312180534005,0.8350249528884888,0.01437509898096323,0.7979015707969666,0.004774398636072874
132,15.976044629967287,7.547833567455432,23.54783356745543,7.571788937488144,0.8012639880180359,0.03174382448196411,-0.030057087540626526,0.8349875807762146,0.030317893251776695,0.7920740246772766,0.0027479068376123905,0.8350346684455872,0.01435828860849142,0.7978549003601074,0.004775477107614279
133,15.976027419189675,7.5478706361706145,23.547870636170614,7.571843216980939,0.8012619614601135,0.014935627579689026,-0.00869297981262207,0.83498615026474,0.030345065519213676,0.7920875549316406,0.002749985782429576,0.8350494503974915,0.014335019513964653,0.7977818250656128,0.004776692949235439
134,15.97600722622874,7.547906882368699,23.5479068823687,7.57189965613996,0.8012598156929016,-0.0027551651000976562,0.013104304671287537,0.8349834680557251,0.03037339076399803,0.7921077013015747,0.0027521527372300625,0.8350653648376465,0.014310693368315697,0.797702431678772,0.004777796566486359
135,15.975989839774279,7.547935470880801,23.5479354708808,7.571945631106523,0.801259458065033,-0.017319291830062866,0.030897393822669983,0.8349805474281311,0.030396465212106705,0.7921280860900879,0.002753838896751404,0.8350781798362732,0.01429087482392788,0.7976387143135071,0.004778639879077673
136,15.975979554762601,7.547951448072566,23.547951448072567,7.571971893309966,0.8012588620185852,-0.025438696146011353,0.040853351354599,0.8349789977073669,0.030409472063183784,0.7921393513679504,0.002754793968051672,0.8350858092308044,0.014279291033744812,0.7975999712944031,0.004779084585607052
137,15.975978260972834,7.547952803371996,23.547952803371995,7.571974542399161,0.8012604117393494,-0.026443615555763245,0.04200023412704468,0.8349782228469849,0.030411217361688614,0.7921434044837952,0.002754906425252557,0.8350862860679626,0.014278477989137173,0.7975983023643494,0.0047792005352675915
138,15.975985439505543,7.547940527607141,23.54794052760714,7.571955088101596,0.8012595176696777,-0.020272627472877502,0.034463316202163696,0.8349789977073669,0.030401958152651787,0.7921376824378967,0.0027541883755475283,0.8350809812545776,0.01428688783198595,0.7976245880126953,0.00477880984544754
139,15.9759983494802,7.5479183160439804,23.54791831604398,7.5719199665637795,0.8012609481811523,-0.00948132574558258,0.021045923233032227,0.8349811434745789,0.03038387931883335,0.7921223044395447,0.0027528663631528616,0.8350712656974792,0.01430186815559864,0.7976723909378052,0.004778105299919844
140,15.976013029295261,7.547891431522388,23.547891431522388,7.571878402227126,0.8012610077857971,0.0035553723573684692,0.0049665868282318115,0.8349832892417908,0.030362943187355995,0.7921063303947449,0.002751296618953347,0.8350598216056824,0.014319704845547676,0.7977296113967896,0.00477727921679616
141,15.97602515629088,7.547865528049611,23.547865528049613,7.571840371758732,0.8012567162513733,0.015819013118743896,-0.010318249464035034,0.8349844813346863,0.030343621969223022,0.7920957207679749,0.0027497916016727686,0.835050106048584,0.014335700310766697,0.7977772355079651,0.004776410758495331
142,15.976031041378949,7.547845494212462,23.54784549421246,7.571814452833511,0.8012601733207703,0.023880958557128906,-0.020951151847839355,0.8349841237068176,0.03033013455569744,0.792094349861145,0.0027487294282764196,0.8350432515144348,0.014347074553370476,0.7978109121322632,0.004775666631758213
143,15.976028674229731,7.547834259849144,23.547834259849143,7.571805585619412,0.80125892162323,0.02616266906261444,-0.024835921823978424,0.8349817395210266,0.03032553195953369,0.7921056747436523,0.00274823815561831,0.8350412249565125,0.014351059682667255,0.7978191375732422,0.004775125067681074
144,15.976018086418888,7.547832278367548,23.547832278367547,7.5718141919486595,0.8012580275535583,0.022909745573997498,-0.02219472825527191,0.8349772691726685,0.03032924234867096,0.7921287417411804,0.00274834455922246,0.8350449800491333,0.014347114600241184,0.7977984547615051,0.004774853121489286
145,15.976001095520871,7.547837814343647,23.547837814343648,7.571836718822777,0.8012601733207703,0.015883639454841614,-0.01514558494091034,0.8349709510803223,0.030340375378727913,0.7921634316444397,0.0027488835621625185,0.8350523710250854,0.014337609522044659,0.7977599501609802,0.00477478327229619
146,15.975980579276888,7.547847832843878,23.54784783284388,7.571867253566991,0.8012591600418091,0.00618918240070343,-0.0047796666622161865,0.8349645733833313,0.030355265364050865,0.7921996712684631,0.002749796723946929,0.8350623250007629,0.014324337244033813,0.797707736492157,0.004774793051183224
147,15.975960025682054,7.547858471949654,23.547858471949652,7.571898446267598,0.8012567162513733,-0.00444599986076355,0.006509184837341309,0.8349582552909851,0.03036985732614994,0.7922349572181702,0.002750659827142954,0.8350723385810852,0.014311014674603939,0.7976557016372681,0.0047749304212629795
148,15.97594291703826,7.547865909812932,23.547865909812934,7.571922992774674,0.8012592196464539,-0.012366324663162231,0.014822453260421753,0.8349519968032837,0.030382199212908745,0.7922701239585876,0.002751345979049802,0.8350808024406433,0.014300393871963024,0.7976115345954895,0.004774893168359995
149,15.975931531098775,7.547867663541063,23.547867663541062,7.571936132442287,0.8012592196464539,-0.016617387533187866,0.018980249762535095,0.8349482417106628,0.03038795292377472,0.7922905683517456,0.002751636551693082,0.8350850939750671,0.014294890686869621,0.7975888252258301,0.004774787928909063
150,15.975926732566254,7.547862867393192,23.547862867393192,7.571936134826938,0.8012585043907166,-0.016835063695907593,0.018304094672203064,0.8349453210830688,0.030387993901968002,0.7923052906990051,0.0027514726389199495,0.8350861668586731,0.014294683001935482,0.79758220911026,0.004774472210556269
151,15.975927975967107,7.547852360418709,23.54785236041871,7.571924384451602,0.8012611269950867,-0.013153836131095886,0.013283491134643555,0.8349443078041077,0.03038223274052143,0.7923091053962708,0.002750989282503724,0.8350830078125,0.014299535192549229,0.7975969314575195,0.00477404473349452
152,15.975933472491949,7.547838373237073,23.547838373237074,7.571904900745125,0.8012595176696777,-0.007112979888916016,0.005501866340637207,0.8349444270133972,0.03037191554903984,0.7923060059547424,0.0027501643635332584,0.8350777626037598,0.014308140613138676,0.7976223230361938,0.004773510154336691
153,15.975940810230522,7.547823870903817,23.547823870903816,7.571883060673294,0.80125892162323,-0.0003981739282608032,-0.00298406183719635,0.8349451422691345,0.030360983684659004,0.7922992706298828,0.0027493571396917105,0.83507239818573,0.01431734673678875,0.7976493835449219,0.004773102700710297
154,15.975947570765504,7.547811790279857,23.54781179027986,7.571864219514355,0.8012569546699524,0.0055651068687438965,-0.010267361998558044,0.8349466919898987,0.03035101108253002,0.7922895550727844,0.002748634200543165,0.8350669741630554,0.014325355179607868,0.7976757884025574,0.004772732499986887
155,15.97595180660259,7.5478043925953004,23.5478043925953,7.57185258599271,0.8012595772743225,0.009502977132797241,-0.015066668391227722,0.8349471092224121,0.03034551627933979,0.7922860980033875,0.002748204628005624,0.8350638151168823,0.014330478385090828,0.7976917028427124,0.0047724745236337185
156,15.97595242791074,7.547802884426338,23.54780288442634,7.5718504565156,0.8012617230415344,0.009896591305732727,-0.015714086592197418,0.8349471092224121,0.030344588682055473,0.7922859191894531,0.0027481447905302048,0.8350628018379211,0.014331554062664509,0.7976971864700317,0.004772503394633532
157,15.975949640561023,7.547806936219828,23.54780693621983,7.5718572956588055,0.8012587428092957,0.007588610053062439,-0.012955352663993835,0.8349462151527405,0.03034830093383789,0.7922911047935486,0.0027483461890369654,0.835065484046936,0.01432847511023283,0.7976833581924438,0.004772611893713474
158,15.975944546931565,7.547815074105427,23.547815074105426,7.571870527173861,0.8012591600418091,0.003620341420173645,-0.008053600788116455,0.834945559501648,0.03035457618534565,0.792296290397644,0.0027488393243402243,0.8350686430931091,0.014322935603559017,0.7976675033569336,0.004772776272147894
159,15.975938713665803,7.547825216918315,23.547825216918316,7.571886503252513,0.8012586236000061,-0.0014375001192092896,-0.001778438687324524,0.8349447250366211,0.03036242350935936,0.7923023104667664,0.0027494460809975863,0.8350733518600464,0.014316094107925892,0.7976444959640503,0.0047731054946780205
160,15.975933937264708,7.547834995475496,23.547834995475498,7.5719010582107895,0.8012599349021912,-0.006167903542518616,0.004095330834388733,0.834943950176239,0.030370106920599937,0.7923077940940857,0.002750033512711525,0.8350774645805359,0.014309359714388847,0.7976236343383789,0.004773411434143782
161,15.975931739450361,7.54784239564612,23.54784239564612,7.57191065619576,0.8012608885765076,-0.008780300617218018,0.007624968886375427,0.8349444270133972,0.030374882742762566,0.7923064827919006,0.0027504193130880594,0.8350792527198792,0.014305525459349155,0.7976153492927551,0.004773697350174189
162,15.97593277635477,7.547846406271974,23.547846406271972,7.571913629917203,0.8012597560882568,-0.009709462523460388,0.009252265095710754,0.8349453806877136,0.030376708135008812,0.7923026084899902,0.0027506102342158556,0.8350800275802612,0.01430442463606596,0.797611653804779,0.004773867782205343
163,15.975937065177735,7.547846774939349,23.547846774939348,7.571909709761613,0.8012598156929016,-0.008723318576812744,0.008362025022506714,0.8349469900131226,0.030374864116311073,0.7922938466072083,0.002750551560893655,0.835078775882721,0.014305992983281612,0.7976187467575073,0.004773913417011499
164,15.975943959932916,7.547844158124128,23.54784415812413,7.571900198191212,0.801255464553833,-0.005538627505302429,0.005139827728271484,0.8349495530128479,0.030370069667696953,0.7922793030738831,0.0027502744924277067,0.8350759744644165,0.014309718273580074,0.7976335883140564,0.004773960914462805
165,15.975952110770436,7.547839976144819,23.547839976144818,7.571887865374382,0.801260769367218,-0.0012459158897399902,0.0005436688661575317,0.8349522948265076,0.03036395087838173,0.7922639846801758,0.0027499147690832615,0.8350710272789001,0.014315558597445488,0.7976597547531128,0.004774009343236685
166,15.975959905078206,7.547836006959742,23.54783600695974,7.571876101881536,0.8012592196464539,0.002469867467880249,-0.003564491868019104,0.8349549174308777,0.030358092859387398,0.7922493815422058,0.0027495974209159613,0.8350674510002136,0.014320753514766693,0.7976778745651245,0.004773989319801331
167,15.975966078775125,7.54783369283552,23.54783369283552,7.571867614060396,0.8012623190879822,0.005378395318984985,-0.0065087974071502686,0.8349567651748657,0.030354168266057968,0.7922391891479492,0.0027493424713611603,0.8350641131401062,0.01432432234287262,0.7976953387260437,0.004773997701704502
168,15.975969765396956,7.547833929570542,23.547833929570544,7.571864164173588,0.8012630939483643,0.0062954723834991455,-0.007355630397796631,0.8349583745002747,0.03035232424736023,0.792230486869812,0.0027492602821439505,0.835062563419342,0.014326108619570732,0.797703742980957,0.004774081986397505
169,15.975970877304352,7.54783678067471,23.54783678067471,7.571865903370359,0.8012599349021912,0.006110683083534241,-0.006542026996612549,0.8349596261978149,0.030353253707289696,0.7922244071960449,0.002749410690739751,0.835063099861145,0.014325193129479885,0.7977015376091003,0.0047742268070578575
170,15.975969722623693,7.547841708083362,23.54784170808336,7.571871985459667,0.8012610077857971,0.003931865096092224,-0.0037642717361450195,0.8349589109420776,0.030357126146554947,0.7922290563583374,0.002749658888205886,0.8350651860237122,0.014322228729724884,0.7976914644241333,0.004774380475282669
171,15.975967286713718,7.547847515256903,23.547847515256905,7.571880228543186,0.8012571334838867,0.0015541315078735352,-0.0006577074527740479,0.8349598050117493,0.030360624194145203,0.7922253012657166,0.0027499955613166094,0.8350671529769897,0.014318847097456455,0.7976817488670349,0.004774559289216995
172,15.975964534923623,7.54785299640951,23.54785299640951,7.571888461485887,0.8012608885765076,-0.0011545270681381226,0.0026187747716903687,0.8349589109420776,0.030365100130438805,0.7922309041023254,0.002750321989879012,0.8350693583488464,0.01431522611528635,0.7976709008216858,0.004774782806634903
173,15.975962462223974,7.547856994055176,23.547856994055177,7.571894531831203,0.8012577891349792,-0.002923935651779175,0.004874363541603088,0.8349588513374329,0.030367987230420113,0.7922319173812866,0.0027505257166922092,0.8350711464881897,0.014312727376818657,0.7976617217063904,0.004774842411279678
174,15.975961636972574,7.547858827602211,23.547858827602212,7.571897190629638,0.8012570738792419,-0.003973528742790222,0.006129756569862366,0.834958553314209,0.030369581654667854,0.7922334671020508,0.002750629326328635,0.8350721001625061,0.01431123074144125,0.7976565361022949,0.004774908535182476
175,15.975962317906731,7.547858243007585,23.547858243007585,7.571895925100854,0.801257848739624,-0.0034977495670318604,0.0056273192167282104,0.8349589109420776,0.030369145795702934,0.7922316789627075,0.0027506109327077866,0.835071861743927,0.014311818405985832,0.7976588010787964,0.004774942994117737
176,15.975964191799727,7.547855652491154,23.547855652491155,7.571891460691427,0.8012606501579285,-0.0021618902683258057,0.0039554983377456665,0.8349593877792358,0.030366139486432076,0.7922285199165344,0.002750406740233302,0.8350700736045837,0.014314317144453526,0.7976676225662231,0.004774906672537327
177,15.975966664185279,7.547851859399094,23.547851859399096,7.571885195213817,0.8012610077857971,-0.0002244114875793457,0.0016451478004455566,0.834959089756012,0.030364016070961952,0.7922295331954956,0.00275022373534739,0.8350686430931091,0.014316513203084469,0.797674834728241,0.004774740431457758
178,15.975968977468721,7.547847828331851,23.54784782833185,7.571878850863129,0.8012590408325195,0.0021279752254486084,-0.0011600106954574585,0.834959864616394,0.030360596254467964,0.7922248244285583,0.002749983686953783,0.8350664973258972,0.014319575391709805,0.7976852655410767,0.004774581640958786
179,15.97597029265923,7.547844618409926,23.547844618409925,7.571874325750695,0.8012589812278748,0.0033972710371017456,-0.0027586519718170166,0.834959864616394,0.030358310788869858,0.7922242283821106,0.0027498125564306974,0.8350657224655151,0.014321480877697468,0.7976892590522766,0.004774488974362612
180,15.975970241869568,7.547842744364519,23.54784274436452,7.571872502494951,0.8012596964836121,0.003935188055038452,-0.003609880805015564,0.8349593877792358,0.030357269570231438,0.7922261953353882,0.002749720588326454,0.8350648283958435,0.014322255738079548,0.7976933121681213,0.004774405620992184
181,15.975968757569637,7.547842396236936,23.547842396236938,7.5718736386673005,0.8012596964836121,0.003227517008781433,-0.0030922293663024902,0.8349587321281433,0.030357982963323593,0.7922298312187195,0.0027497487608343363,0.8350657224655151,0.01432119496166706,0.797688364982605,0.004774330649524927
182,15.975966234338065,7.547843236402868,23.54784323640287,7.571877002064804,0.8012585043907166,0.002414718270301819,-0.0021151751279830933,0.8349579572677612,0.03035918064415455,0.7922344207763672,0.0027497734408825636,0.8350667357444763,0.01432030089199543,0.7976828813552856,0.0047743478789925575
183,15.975963068626633,7.547844786853776,23.547844786853776,7.571881718227143,0.8012583255767822,0.0006416141986846924,-0.0002887547016143799,0.834957480430603,0.030361071228981018,0.7922369241714478,0.0027499361895024776,0.8350682854652405,0.014318495988845825,0.7976752519607544,0.004774373956024647
184,15.975959974324605,7.547846294875469,23.54784629487547,7.571886320550865,0.8012593388557434,-0.0008545964956283569,0.0013780146837234497,0.8349562287330627,0.03036344237625599,0.7922439575195312,0.0027500614523887634,0.8350695371627808,0.014316501095890999,0.79766845703125,0.004774422850459814
185,15.975957497319401,7.547847137049016,23.547847137049015,7.571889639729614,0.8012610077857971,-0.0013167411088943481,0.0017771124839782715,0.8349547982215881,0.030365439131855965,0.7922518849372864,0.0027501482982188463,0.8350707292556763,0.014314823783934116,0.7976623177528381,0.0047743539325892925
186,15.975955749968723,7.547847225852215,23.547847225852216,7.571891475883493,0.801261305809021,-0.002010747790336609,0.002352878451347351,0.8349543809890747,0.03036591038107872,0.7922540903091431,0.002750190207734704,0.8350714445114136,0.014314008876681328,0.7976586222648621,0.004774278495460749
187,15.975954920963593,7.547846414474379,23.547846414474378,7.571891493510785,0.8012589812278748,-0.0022028982639312744,0.002572983503341675,0.8349543809890747,0.030365897342562675,0.7922541499137878,0.0027501897420734167,0.8350715041160583,0.014314315281808376,0.7976580262184143,0.004774249158799648
188,15.975954994816634,7.547844704303462,23.54784470430346,7.571889709486827,0.8012577295303345,-0.001661747694015503,0.0017745494842529297,0.8349542021751404,0.030364837497472763,0.7922544479370117,0.002750079846009612,0.8350712656974792,0.014315067790448666,0.7976590991020203,0.0047741844318807125
189,15.975955683466074,7.547842484328737,23.547842484328736,7.5718868008626625,0.801261305809021,-0.0007589757442474365,0.0004473775625228882,0.8349538445472717,0.03036378137767315,0.792256236076355,0.002749977633357048,0.8350703120231628,0.014315838925540447,0.7976635098457336,0.004774113185703754
190,15.97595658995517,7.547840309552081,23.54784030955208,7.57188371959691,0.8012621998786926,0.00035312771797180176,-0.0008791983127593994,0.8349538445472717,0.03036210872232914,0.792255699634552,0.0027498435229063034,0.8350695967674255,0.014317275956273079,0.7976672053337097,0.004774092230945826
191,15.975957275209703,7.547838683633899,23.5478386836339,7.571881408424195,0.8012598752975464,0.0007152259349822998,-0.0013713091611862183,0.8349539041519165,0.03036126121878624,0.7922552824020386,0.002749769715592265,0.8350692391395569,0.014318181201815605,0.797668993473053,0.004774033557623625
192,15.975957623678235,7.547837743290294,23.547837743290295,7.571880119612059,0.8012592196464539,0.0015424340963363647,-0.0023460984230041504,0.8349538445472717,0.030360516160726547,0.7922551035881042,0.002749695209786296,0.8350687623023987,0.014318778179585934,0.7976714372634888,0.004773980472236872
193,15.975957354187665,7.547837799076065,23.547837799076063,7.571880444888398,0.8012599945068359,0.001159384846687317,-0.0020133107900619507,0.8349538445472717,0.030360516160726547,0.7922551035881042,0.002749695209786296,0.8350687623023987,0.014318778179585934,0.7976714372634888,0.004773980472236872
194,15.975956670730572,7.547838627847589,23.54783862784759,7.571881957117018,0.8012598752975464,0.0007152259349822998,-0.0013713091611862183,0.8349538445472717,0.030361445620656013,0.7922552824020386,0.002749792765825987,0.8350696563720703,0.014317752793431282,0.7976669073104858,0.00477401539683342
195,15.97595578153176,7.547839907556583,23.547839907556583,7.571884126024823,0.8012604713439941,4.5165419578552246e-05,-0.0006314069032669067,0.8349536657333374,0.030362380668520927,0.7922568321228027,0.002749847713857889,0.835070013999939,0.01431688480079174,0.7976650595664978,0.004774047527462244
196,15.975954961749554,7.547841308049847,23.547841308049847,7.571886346300293,0.8012588024139404,-0.0004526376724243164,-2.339482307434082e-06,0.834953784942627,0.030362794175744057,0.7922566533088684,0.0027499105781316757,0.8350702524185181,0.014316589571535587,0.7976635694503784,0.004774074535816908
197,15.975954395201937,7.54784257294378,23.54784257294378,7.571888177741842,0.8012608289718628,-0.001421704888343811,0.0010712146759033203,0.8349530100822449,0.03036462888121605,0.7922605276107788,0.0027499948628246784,0.8350709676742554,0.014315242879092693,0.7976602911949158,0.004774082917720079
198,15.975954429814822,7.547843295676608,23.547843295676607,7.571888865861785,0.8012574911117554,-0.0016383826732635498,0.001504451036453247,0.834953248500824,0.030364710837602615,0.792259693145752,0.002749993931502104,0.8350712656974792,0.014315077103674412,0.797658383846283,0.004774111323058605
199,15.975955091936713,7.547843358058465,23.547843358058465,7.571888266121752,0.8012576103210449,-0.0012316852807998657,0.0011422783136367798,0.8349541425704956,0.03036411665380001,0.7922551035881042,0.002750023500993848,0.8350710272789001,0.01431537326425314,0.7976602911949158,0.00477414857596159
200,15.975956165088038,7.54784296523675,23.54784296523675,7.571886800148713,0.8012595772743225,-0.0008152872323989868,0.0005797147750854492,0.8349542021751404,0.03036358766257763,0.7922545671463013,0.00274998159147799,0.8350704908370972,0.014316062442958355,0.7976630926132202,0.004774188157171011
201,15.975957449261387,7.547842382162474,23.547842382162475,7.571884932901089,0.8012611865997314,-6.733834743499756e-05,-0.0001256018877029419,0.8349542617797852,0.030363325029611588,0.7922539114952087,0.002749948063865304,0.8350696563720703,0.014316647313535213,0.797667384147644,0.0047741783782839775
202,15.975958634333038,7.547841905611941,23.54784190561194,7.571883271278901,0.8012586832046509,0.0005024820566177368,-0.0006234198808670044,0.8349547982215881,0.03036247007548809,0.79225093126297,0.002749897539615631,0.835069477558136,0.014317160472273827,0.79766845703125,0.00477416068315506
203,15.975959508185463,7.54784172268423,23.54784172268423,7.571882214498766,0.8012596368789673,0.0007043182849884033,-0.000860258936882019,0.8349553942680359,0.03036128170788288,0.7922475934028625,0.002749840496107936,0.8350687026977539,0.014317925088107586,0.797671914100647,0.004774210508912802
204,15.975960021841864,7.547841899557161,23.547841899557163,7.571881877715299,0.8012586832046509,0.0005024820566177368,-0.0006234198808670044,0.8349556922912598,0.030361345037817955,0.7922462821006775,0.0027498709969222546,0.8350685834884644,0.014318146742880344,0.7976731657981873,0.004774215631186962
205,15.975960288695857,7.547842307655975,23.547842307655976,7.571882018960119,0.801261842250824,0.0005872547626495361,-0.0007428973913192749,0.834955632686615,0.030361350625753403,0.792246401309967,0.0027498709969222546,0.8350685834884644,0.014318148605525494,0.7976731657981873,0.004774215631186962
206,15.975960299020999,7.547842972836489,23.547842972836488,7.571882673815489,0.8012596368789673,0.0005372315645217896,-0.0006211698055267334,0.8349556922912598,0.030361725017428398,0.7922458648681641,0.0027499054558575153,0.8350688219070435,0.014317854307591915,0.7976718544960022,0.004774249158799648
207,15.97596009691543,7.54784382202449,23.54784382202449,7.5718837251090605,0.8012565970420837,-0.00012640655040740967,0.0002847909927368164,0.8349559903144836,0.030361980199813843,0.7922450304031372,0.002749934559687972,0.8350690007209778,0.014317542314529419,0.7976709008216858,0.004774285014718771
208,15.975959964413594,7.547844473907688,23.547844473907688,7.571884509494094,0.8012574315071106,-0.00026445090770721436,0.0005062967538833618,0.8349560499191284,0.030362719669938087,0.7922448515892029,0.0027500044088810682,0.8350692987442017,0.014317244291305542,0.797669529914856,0.004774304572492838
209,15.975959949472893,7.5478448581937965,23.5478448581938,7.5718849087209055,0.801257848739624,-0.0003132820129394531,0.0005644112825393677,0.8349560499191284,0.03036273457109928,0.7922446131706238,0.002750005107372999,0.8350692987442017,0.014316941611468792,0.7976697087287903,0.0047743353061378
210,15.975960060266887,7.547844976983149,23.54784497698315,7.571884916716263,0.801257848739624,-0.0003132820129394531,0.0005644112825393677,0.8349560499191284,0.03036273457109928,0.7922446131706238,0.002750005107372999,0.8350692987442017,0.014316941611468792,0.7976697087287903,0.0047743353061378
211,15.975960284848544,7.547844855589893,23.547844855589894,7.57188457074135,0.8012596368789673,-5.891919136047363e-05,0.00027802586555480957,0.8349560499191284,0.03036273457109928,0.7922446131706238,0.002750005107372999,0.8350692987442017,0.014316941611468792,0.7976697087287903,0.0047743353061378
212,15.975960510998831,7.5478446331532405,23.54784463315324,7.571884122154408,0.8012592792510986,-1.055002212524414e-05,0.00021588802337646484,0.8349560499191284,0.030362719669938087,0.7922448515892029,0.0027500044088810682,0.8350692987442017,0.014317244291305542,0.797669529914856,0.004774304572492838
213,15.975960719284569,7.547844344543463,23.547844344543464,7.571883625258895,0.8012592792510986,-1.055002212524414e-05,0.00021588802337646484,0.8349560499191284,0.030362719669938087,0.7922448515892029,0.0027500044088810682,0.8350692987442017,0.014317244291305542,0.797669529914856,0.004774304572492838
214,15.975960911459083,7.547843995996068,23.547843995996068,7.571883084536985,0.8012580275535583,0.00013156235218048096,2.6971101760864258e-06,0.834956169128418,0.0303622018545866,0.792244017124176,0.0027499462012201548,0.8350691795349121,0.014317448250949383,0.7976698875427246,0.0047742994502186775
215,15.975961031988984,7.547843680386101,23.5478436803861,7.571882648397118,0.80125892162323,0.0003715306520462036,-0.00034680962562561035,0.8349561095237732,0.030361788347363472,0.7922443747520447,0.0027499175630509853,0.8350690007209778,0.014317750930786133,0.7976713180541992,0.004774254281073809
216,15.975960991039969,7.547843537899496,23.547843537899496,7.571882546859527,0.80125892162323,0.0003715306520462036,-0.00034680962562561035,0.8349561095237732,0.030361788347363472,0.7922443747520447,0.0027499175630509853,0.8350690007209778,0.014317750930786133,0.7976713180541992,0.004774254281073809
217,15.975960803999955,7.547843551993666,23.547843551993665,7.57188274799371,0.80125892162323,0.0003715306520462036,-0.00034680962562561035,0.8349559903144836,0.030361978337168694,0.7922453284263611,0.0027499415446072817,0.8350691199302673,0.014317544177174568,0.7976704239845276,0.004774272441864014
218,15.975960484757236,7.547843707738244,23.547843707738245,7.571883222981009,0.8012580275535583,0.00013156235218048096,2.6971101760864258e-06,0.8349559903144836,0.030361980199813843,0.7922450304031372,0.002749934559687972,0.8350690007209778,0.014317542314529419,0.7976709008216858,0.004774285014718771
219,15.975960143285226,7.547843847150762,23.547843847150762,7.571883703865536,0.8012565970420837,-0.00012640655040740967,0.0002847909927368164,0.8349561095237732,0.03036239743232727,0.7922444939613342,0.00274996692314744,0.8350693583488464,0.014317244291305542,0.7976692914962769,0.004774308763444424
220,15.975959886637241,7.547843854891744,23.547843854891745,7.571883968254504,0.8012565970420837,-0.00012640655040740967,0.0002847909927368164,0.8349561095237732,0.03036239743232727,0.7922444939613342,0.00274996692314744,0.8350693583488464,0.014317244291305542,0.7976692914962769,0.004774308763444424
221,15.975959706657394,7.547843743528548,23.54784374352855,7.571884036871156,0.8012565970420837,-0.00012640655040740967,0.0002847909927368164,0.8349557518959045,0.030362246558070183,0.7922462821006775,0.0027499492280185223,0.8350693583488464,0.014317026361823082,0.7976685762405396,0.004774246830493212
222,15.975959595985097,7.547843524403187,23.547843524403188,7.5718839284180905,0.801257312297821,0.00011394917964935303,-5.367398262023926e-05,0.8349556922912598,0.030362248420715332,0.7922463417053223,0.0027499564457684755,0.8350695371627808,0.014317025430500507,0.797667920589447,0.004774236120283604
223,15.975959449392088,7.547843349112488,23.547843349112487,7.571883899720399,0.801257312297821,0.00011394917964935303,-5.367398262023926e-05,0.8349555730819702,0.030362019315361977,0.7922469973564148,0.0027499087154865265,0.8350693583488464,0.014317333698272705,0.797668993473053,0.004774229135364294
224,15.975959270273794,7.547843213429616,23.547843213429616,7.571883943155822,0.8012579679489136,0.0002783089876174927,-0.00032660365104675293,0.8349555134773254,0.030362006276845932,0.7922471165657043,0.002749912440776825,0.8350693583488464,0.01431733276695013,0.7976691126823425,0.004774224013090134
225,15.975958993943102,7.547843228099302,23.547843228099303,7.571884234156201,0.801257312297821,0.00011394917964935303,-5.367398262023926e-05,0.8349555730819702,0.030362019315361977,0.7922469973564148,0.0027499087154865265,0.8350693583488464,0.014317333698272705,0.797668993473053,0.004774229135364294
226,15.975958697540804,7.547843263919698,23.5478432639197,7.571884566378895,0.801257312297821,0.00011394917964935303,-5.367398262023926e-05,0.8349548578262329,0.03036286123096943,0.7922504544258118,0.0027499201241880655,0.8350697755813599,0.014316861517727375,0.7976664900779724,0.004774199333041906
227,15.975958382915557,7.547843318878409,23.54784331887841,7.571884935962853,0.801257312297821,0.00011394917964935303,-5.367398262023926e-05,0.8349548578262329,0.03036286123096943,0.7922504544258118,0.0027499201241880655,0.8350697755813599,0.014316861517727375,0.7976664900779724,0.004774199333041906
228,15.975958051735745,7.547843391159379,23.54784339115938,7.571885339423634,0.8012576103210449,-0.00029112398624420166,0.00028833746910095215,0.8349550366401672,0.030363094061613083,0.7922501564025879,0.002749962965026498,0.8350700736045837,0.014316561631858349,0.7976654171943665,0.004774191416800022
229,15.975957874136588,7.547843334147294,23.547843334147295,7.571885460010707,0.8012576103210449,-0.00029112398624420166,0.00028833746910095215,0.8349548578262329,0.03036286123096943,0.7922504544258118,0.0027499201241880655,0.8350697755813599,0.014316861517727375,0.7976664900779724,0.004774199333041906
230,15.975957835396175,7.547843160188372,23.54784316018837,7.571885324792197,0.8012585639953613,-0.00011903047561645508,1.341104507446289e-07,0.8349543809890747,0.030363406985998154,0.7922534942626953,0.0027499590069055557,0.8350700736045837,0.014316482469439507,0.7976652979850769,0.004774201195687056
231,15.975957850238457,7.547843003187474,23.547843003187474,7.571885152949017,0.8012585639953613,-0.00011903047561645508,1.341104507446289e-07,0.8349543809890747,0.030363406985998154,0.7922534942626953,0.0027499590069055557,0.8350700736045837,0.014316482469439507,0.7976652979850769,0.004774201195687056
232,15.975957913542942,7.547842861487095,23.547842861487094,7.571884947944152,0.8012585639953613,-0.00011903047561645508,1.341104507446289e-07,0.8349548578262329,0.030362863093614578,0.7922505736351013,0.0027499315328896046,0.8350697755813599,0.014316858723759651,0.7976664304733276,0.004774200730025768
233,15.975958020688998,7.547842733591588,23.547842733591587,7.571884712902589,0.8012611865997314,-6.733834743499756e-05,-0.0001256018877029419,0.8349546790122986,0.03036278486251831,0.792251467704773,0.002749927341938019,0.8350693583488464,0.014317025430500507,0.7976688742637634,0.004774176515638828
234,15.975958145726036,7.547842672098791,23.547842672098792,7.571884526372756,0.8012611865997314,-6.733834743499756e-05,-0.0001256018877029419,0.8349546790122986,0.03036278486251831,0.792251467704773,0.002749927341938019,0.8350693583488464,0.014317025430500507,0.7976688742637634,0.004774176515638828
235,15.975958286970599,7.547842670641676,23.547842670641675,7.571884383671076,0.8012611865997314,-6.733834743499756e-05,-0.0001256018877029419,0.8349546790122986,0.03036278486251831,0.792251467704773,0.002749927341938019,0.8350693583488464,0.014317025430500507,0.7976688742637634,0.004774176515638828
236,15.975958442903579,7.547842723474976,23.547842723474975,7.571884280571396,0.8012601137161255,0.00032839179039001465,-0.00046071410179138184,0.8349546790122986,0.03036278486251831,0.792251467704773,0.002749927341938019,0.8350693583488464,0.014317025430500507,0.7976688742637634,0.004774176515638828
237,15.975958444212507,7.547842970227077,23.547842970227077,7.5718845260145695,0.8012579679489136,0.0002783089876174927,-0.00032660365104675293,0.8349548578262329,0.030362863093614578,0.7922505736351013,0.0027499315328896046,0.8350697755813599,0.014316858723759651,0.7976664304733276,0.004774200730025768
238,15.975958327003658,7.547843334299833,23.547843334299834,7.571885007296176,0.8012576103210449,-0.00029112398624420166,0.00028833746910095215,0.8349548578262329,0.03036286123096943,0.7922504544258118,0.0027499201241880655,0.8350697755813599,0.014316861517727375,0.7976664900779724,0.004774199333041906
239,15.975958345400032,7.547843537548921,23.54784353754892,7.571885192148889,0.8012576103210449,-0.00029112398624420166,0.00028833746910095215,0.8349550366401672,0.030363094061613083,0.7922501564025879,0.002749962965026498,0.8350700736045837,0.014316561631858349,0.7976654171943665,0.004774191416800022
240,15.97595848642068,7.547843595419363,23.547843595419362,7.571885108998682,0.801257312297821,0.00011394917964935303,-5.367398262023926e-05,0.8349550366401672,0.030363094061613083,0.7922501564025879,0.002749962965026498,0.8350700736045837,0.014316561631858349,0.7976654171943665,0.004774191416800022
241,15.975958564821108,7.547843671038215,23.547843671038216,7.571885106217108,0.801257312297821,0.00011394917964935303,-5.367398262023926e-05,0.8349550366401672,0.030363094061613083,0.7922501564025879,0.002749962965026498,0.8350700736045837,0.014316561631858349,0.7976654171943665,0.004774191416800022
242,15.975958586616844,7.547843762722089,23.54784376272209,7.571885176105244,0.8012565970420837,-0.00012640655040740967,0.0002847909927368164,0.834955096244812,0.030363094061613083,0.7922500371932983,0.0027499522548168898,0.8350698351860046,0.0143165597692132,0.7976658940315247,0.004774201661348343
243,15.975958660683224,7.547843720619509,23.54784372061951,7.571885059936287,0.8012565970420837,-0.00012640655040740967,0.0002847909927368164,0.834955096244812,0.030363094061613083,0.7922500371932983,0.0027499522548168898,0.8350698351860046,0.0143165597692132,0.7976658940315247,0.004774201661348343
244,15.975958782028005,7.547843557540415,23.547843557540414,7.571884775512409,0.801257312297821,0.00011394917964935303,-5.367398262023926e-05,0.8349550366401672,0.030363094061613083,0.7922501564025879,0.002749962965026498,0.8350700736045837,0.014316561631858349,0.7976654171943665,0.004774191416800022
245,15.975958842220274,7.547843434062059,23.54784343406206,7.571884591841785,0.801257312297821,0.00011394917964935303,-5.367398262023926e-05,0.8349550366401672,0.030363094061613083,0.7922501564025879,0.002749962965026498,0.8350700736045837,0.014316561631858349,0.7976654171943665,0.004774191416800022
246,15.975958847134502,7.547843346361891,23.54784334636189,7.571884499227389,0.801257312297821,0.00011394917964935303,-5.367398262023926e-05,0.8349548578262329,0.03036286123096943,0.7922504544258118,0.0027499201241880655,0.8350697755813599,0.014316861517727375,0.7976664900779724,0.004774199333041906
247,15.97595880207089,7.547843290991068,23.547843290991068,7.571884488920178,0.801257312297821,0.00011394917964935303,-5.367398262023926e-05,0.8349548578262329,0.03036286123096943,0.7922504544258118,0.0027499201241880655,0.8350697755813599,0.014316861517727375,0.7976664900779724,0.004774199333041906
248,15.975958711811472,7.547843264837939,23.54784326483794,7.571884553026468,0.801257312297821,0.00011394917964935303,-5.367398262023926e-05,0.8349548578262329,0.03036286123096943,0.7922504544258118,0.0027499201241880655,0.8350697755813599,0.014316861517727375,0.7976664900779724,0.004774199333041906
249,15.975958580670747,7.547843265095102,23.547843265095104,7.571884684424356,0.801257312297821,0.00011394917964935303,-5.367398262023926e-05,0.8349548578262329,0.03036286123096943,0.7922504544258118,0.0027499201241880655,0.8350697755813599,0.014316861517727375,0.7976664900779724,0.004774199333041906
250,15.975958412541358,7.547843289229669,23.547843289229668,7.57188487668831,0.801257312297821,0.00011394917964935303,-5.367398262023926e-05,0.8349548578262329,0.03036286123096943,0.7922504544258118,0.0027499201241880655,0.8350697755813599,0.014316861517727375,0.7976664900779724,0.004774199333041906
251,15.975958210935325,7.547843334956446,23.547843334956447,7.571885124021122,0.8012576103210449,-0.00029112398624420166,0.00028833746910095215,0.8349548578262329,0.03036286123096943,0.7922504544258118,0.0027499201241880655,0.8350697755813599,0.014316861517727375,0.7976664900779724,0.004774199333041906
252,15.975958156978091,7.5478432472182675,23.547843247218267,7.571885090240176,0.8012576103210449,-0.00029112398624420166,0.00028833746910095215,0.8349548578262329,0.03036286123096943,0.7922504544258118,0.0027499201241880655,0.8350697755813599,0.014316861517727375,0.7976664900779724,0.004774199333041906
253,15.975958236491227,7.547843038802477,23.547843038802476,7.571884802311249,0.8012585639953613,-0.00011903047561645508,1.341104507446289e-07,0.8349548578262329,0.030362863093614578,0.7922505736351013,0.0027499315328896046,0.8350697755813599,0.014316858723759651,0.7976664304733276,0.004774200730025768
254,15.975958360740009,7.547842850748668,23.54784285074867,7.57188449000866,0.8012579679489136,0.0002783089876174927,-0.00032660365104675293,0.8349547982215881,0.03036278858780861,0.79225093126297,0.0027499378193169832,0.835069477558136,0.014317028224468231,0.7976685762405396,0.004774173256009817
255,15.975958349724408,7.547842828208177,23.547842828208175,7.571884478483767,0.8012579679489136,0.0002783089876174927,-0.00032660365104675293,0.8349547982215881,0.03036278858780861,0.79225093126297,0.0027499378193169832,0.835069477558136,0.014317028224468231,0.7976685762405396,0.004774173256009817
256,15.975958216426447,7.547842955288246,23.547842955288246,7.571884738861799,0.8012585639953613,-0.00011903047561645508,1.341104507446289e-07,0.8349548578262329,0.030362863093614578,0.7922505736351013,0.0027499315328896046,0.8350697755813599,0.014316858723759651,0.7976664304733276,0.004774200730025768
257,15.97595814907046,7.547843069852701,23.5478430698527,7.5718849207822405,0.8012585639953613,-0.00011903047561645508,1.341104507446289e-07,0.8349548578262329,0.030362863093614578,0.7922505736351013,0.0027499315328896046,0.8350697755813599,0.014316858723759651,0.7976664304733276,0.004774200730025768
258,15.975958141310613,7.547843173127268,23.54784317312727,7.571885031816656,0.8012585639953613,-0.00011903047561645508,1.341104507446289e-07,0.8349548578262329,0.030362863093614578,0.7922505736351013,0.0027499315328896046,0.8350697755813599,0.014316858723759651,0.7976664304733276,0.004774200730025768
259,15.975958187422075,7.547843266217702,23.547843266217704,7.5718850787956296,0.8012576103210449,-0.00029112398624420166,0.00028833746910095215,0.8349548578262329,0.03036286123096943,0.7922504544258118,0.0027499201241880655,0.8350697755813599,0.014316861517727375,0.7976664900779724,0.004774199333041906
260,15.975958359195515,7.547843218892648,23.54784321889265,7.571884859697134,0.801257312297821,0.00011394917964935303,-5.367398262023926e-05,0.8349548578262329,0.03036286123096943,0.7922504544258118,0.0027499201241880655,0.8350697755813599,0.014316861517727375,0.7976664900779724,0.004774199333041906
261,15.975958463063053,7.547843200700081,23.54784320070008,7.571884737637026,0.8012579679489136,0.0002783089876174927,-0.00032660365104675293,0.8349548578262329,0.030362863093614578,0.7922505736351013,0.0027499315328896046,0.8350697755813599,0.014316858723759651,0.7976664304733276,0.004774200730025768
262,15.975958431752488,7.5478433336538195,23.54784333365382,7.571884901901331,0.801257312297821,0.00011394917964935303,-5.367398262023926e-05,0.8349548578262329,0.03036286123096943,0.7922504544258118,0.0027499201241880655,0.8350697755813599,0.014316861517727375,0.7976664900779724,0.004774199333041906
263,15.975958352223829,7.547843478171077,23.547843478171078,7.571885125947249,0.801257312297821,0.00011394917964935303,-5.367398262023926e-05,0.8349550366401672,0.030363094061613083,0.7922501564025879,0.002749962965026498,0.8350700736045837,0.014316561631858349,0.7976654171943665,0.004774191416800022
264,15.975958229094479,7.547843633170289,23.547843633170288,7.571885404075809,0.8012576103210449,-0.00029112398624420166,0.00028833746910095215,0.8349550366401672,0.030363094061613083,0.7922501564025879,0.002749962965026498,0.8350700736045837,0.014316561631858349,0.7976654171943665,0.004774191416800022
265,15.975958249639074,7.547843640250582,23.547843640250584,7.571885390611509,0.8012576103210449,-0.00029112398624420166,0.00028833746910095215,0.8349550366401672,0.030363094061613083,0.7922501564025879,0.002749962965026498,0.8350700736045837,0.014316561631858349,0.7976654171943665,0.004774191416800022
266,15.975958400051102,7.5478435136321576,23.54784351363216,7.571885113581057,0.801257312297821,0.00011394917964935303,-5.367398262023926e-05,0.8349550366401672,0.030363094061613083,0.7922501564025879,0.002749962965026498,0.8350700736045837,0.014316561631858349,0.7976654171943665,0.004774191416800022
267,15.975958483980962,7.547843424243466,23.547843424243467,7.571884940262505,0.801257312297821,0.00011394917964935303,-5.367398262023926e-05,0.8349550366401672,0.030363094061613083,0.7922501564025879,0.002749962965026498,0.8350700736045837,0.014316561631858349,0.7976654171943665,0.004774191416800022
268,15.975958507837992,7.547843368486706,23.547843368486706,7.571884860648714,0.801257312297821,0.00011394917964935303,-5.367398262023926e-05,0.8349550366401672,0.030363094061613083,0.7922501564025879,0.002749962965026498,0.8350700736045837,0.014316561631858349,0.7976654171943665,0.004774191416800022
269,15.975958477403818,7.547843343116443,23.547843343116444,7.571884865712626,0.801257312297821,0.00011394917964935303,-5.367398262023926e-05,0.8349548578262329,0.03036286123096943,0.7922504544258118,0.0027499201241880655,0.8350697755813599,0.014316861517727375,0.7976664900779724,0.004774199333041906
270,15.9759583978938,7.547843345205116,23.547843345205116,7.571884947311316,0.801257312297821,0.00011394917964935303,-5.367398262023926e-05,0.8349548578262329,0.03036286123096943,0.7922504544258118,0.0027499201241880655,0.8350697755813599,0.014316861517727375,0.7976664900779724,0.004774199333041906
271,15.97595827401247,7.547843372111923,23.547843372111924,7.571885098099454,0.8012576103210449,-0.00029112398624420166,0.00028833746910095215,0.8349550366401672,0.030363094061613083,0.7922501564025879,0.002749962965026498,0.8350700736045837,0.014316561631858349,0.7976654171943665,0.004774191416800022
272,15.975958295855119,7.547843261671925,23.547843261671925,7.571884965816807,0.8012576103210449,-0.00029112398624420166,0.00028833746910095215,0.8349548578262329,0.03036286123096943,0.7922504544258118,0.0027499201241880655,0.8350697755813599,0.014316861517727375,0.7976664900779724,0.004774199333041906
273,15.975958449405631,7.5478430270775485,23.547843027077548,7.571884577671916,0.8012579679489136,0.0002783089876174927,-0.00032660365104675293,0.8349548578262329,0.030362863093614578,0.7922505736351013,0.0027499315328896046,0.8350697755813599,0.014316858723759651,0.7976664304733276,0.004774200730025768
274,15.97595845966362,7.547842968725517,23.54784296872552,7.571884509061899,0.8012579679489136,0.0002783089876174927,-0.00032660365104675293,0.8349548578262329,0.030362863093614578,0.7922505736351013,0.0027499315328896046,0.8350697755813599,0.014316858723759651,0.7976664304733276,0.004774200730025768
275,15.97595834042112,7.5478430696432595,23.54784306964326,7.571884729222141,0.8012585639953613,-0.00011903047561645508,1.341104507446289e-07,0.8349548578262329,0.030362863093614578,0.7922505736351013,0.0027499315328896046,0.8350697755813599,0.014316858723759651,0.7976664304733276,0.004774200730025768
276,15.975958287949833,7.547843160594843,23.547843160594844,7.571884872645011,0.8012585639953613,-0.00011903047561645508,1.341104507446289e-07,0.8349548578262329,0.030362863093614578,0.7922505736351013,0.0027499315328896046,0.8350697755813599,0.014316858723759651,0.7976664304733276,0.004774200730025768
277,15.975958295811973,7.5478432425575726,23.547843242557573,7.5718849467456,0.8012576103210449,-0.00029112398624420166,0.00028833746910095215,0.8349548578262329,0.03036286123096943,0.7922504544258118,0.0027499201241880655,0.8350697755813599,0.014316861517727375,0.7976664900779724,0.004774199333041906
278,15.975958438150355,7.547843180077755,23.547843180077756,7.5718847419274,0.8012579679489136,0.0002783089876174927,-0.00032660365104675293,0.8349548578262329,0.030362863093614578,0.7922505736351013,0.0027499315328896046,0.8350697755813599,0.014316858723759651,0.7976664304733276,0.004774200730025768
279,15.97595843695809,7.547843278548818,23.547843278548818,7.5718848415907285,0.801257312297821,0.00011394917964935303,-5.367398262023926e-05,0.8349548578262329,0.03036286123096943,0.7922504544258118,0.0027499201241880655,0.8350697755813599,0.014316861517727375,0.7976664900779724,0.004774199333041906
280,15.97595838272743,7.547843392849804,23.547843392849803,7.571885010122372,0.801257312297821,0.00011394917964935303,-5.367398262023926e-05,0.8349550366401672,0.030363094061613083,0.7922501564025879,0.002749962965026498,0.8350700736045837,0.014316561631858349,0.7976654171943665,0.004774191416800022
281,15.97595828055576,7.5478435214784865,23.547843521478487,7.571885240922727,0.8012576103210449,-0.00029112398624420166,0.00028833746910095215,0.8349550366401672,0.030363094061613083,0.7922501564025879,0.002749962965026498,0.8350700736045837,0.014316561631858349,0.7976654171943665,0.004774191416800022
282,15.975958324773746,7.54784349996012,23.54784349996012,7.571885175186374,0.8012576103210449,-0.00029112398624420166,0.00028833746910095215,0.8349550366401672,0.030363094061613083,0.7922501564025879,0.002749962965026498,0.8350700736045837,0.014316561631858349,0.7976654171943665,0.004774191416800022
283,15.9759585012883,7.5478433427541445,23.547843342754145,7.571884841465845,0.801257312297821,0.00011394917964935303,-5.367398262023926e-05,0.8349548578262329,0.03036286123096943,0.7922504544258118,0.0027499201241880655,0.8350697755813599,0.014316861517727375,0.7976664900779724,0.004774199333041906
284,15.975958606883662,7.547843226685358,23.54784322668536,7.571884619801697,0.801257312297821,0.00011394917964935303,-5.367398262023926e-05,0.8349548578262329,0.03036286123096943,0.7922504544258118,0.0027499201241880655,0.8350697755813599,0.014316861517727375,0.7976664900779724,0.004774199333041906
285,15.975958648413414,7.547843147767716,23.547843147767715,7.571884499354301,0.8012579679489136,0.0002783089876174927,-0.00032660365104675293,0.8349548578262329,0.030362863093614578,0.7922505736351013,0.0027499315328896046,0.8350697755813599,0.014316858723759651,0.7976664304733276,0.004774200730025768
286,15.975958554448974,7.547843233635146,23.547843233635145,7.571884679186171,0.801257312297821,0.00011394917964935303,-5.367398262023926e-05,0.8349548578262329,0.03036286123096943,0.7922504544258118,0.0027499201241880655,0.8350697755813599,0.014316861517727375,0.7976664900779724,0.004774199333041906
287,15.975958415796537,7.547843336930306,23.547843336930306,7.571884921133769,0.801257312297821,0.00011394917964935303,-5.367398262023926e-05,0.8349548578262329,0.03036286123096943,0.7922504544258118,0.0027499201241880655,0.8350697755813599,0.014316861517727375,0.7976664900779724,0.004774199333041906
288,15.97595823673684,7.5478434559931795,23.54784345599318,7.571885219256341,0.8012576103210449,-0.00029112398624420166,0.00028833746910095215,0.8349550366401672,0.030363094061613083,0.7922501564025879,0.002749962965026498,0.8350700736045837,0.014316561631858349,0.7976654171943665,0.004774191416800022
289,15.975958213556796,7.5478434238915,23.5478434238915,7.571885210334704,0.8012576103210449,-0.00029112398624420166,0.00028833746910095215,0.8349550366401672,0.030363094061613083,0.7922501564025879,0.002749962965026498,0.8350700736045837,0.014316561631858349,0.7976654171943665,0.004774191416800022
290,15.975958331224142,7.547843255192446,23.547843255192447,7.571884923968305,0.8012576103210449,-0.00029112398624420166,0.00028833746910095215,0.8349548578262329,0.03036286123096943,0.7922504544258118,0.0027499201241880655,0.8350697755813599,0.014316861517727375,0.7976664900779724,0.004774199333041906
291,15.975958576181048,7.547842963034396,23.547842963034398,7.57188438685335,0.8012579679489136,0.0002783089876174927,-0.00032660365104675293,0.8349548578262329,0.030362863093614578,0.7922505736351013,0.0027499315328896046,0.8350697755813599,0.014316858723759651,0.7976664304733276,0.004774200730025768
292,15.975958664081745,7.547842858496584,23.547842858496583,7.571884194414839,0.8012579679489136,0.0002783089876174927,-0.00032660365104675293,0.8349548578262329,0.030362863093614578,0.7922505736351013,0.0027499315328896046,0.8350697755813599,0.014316858723759651,0.7976664304733276,0.004774200730025768
293,15.9759586100891,7.547842923465452,23.547842923465453,7.571884313376353,0.8012579679489136,0.0002783089876174927,-0.00032660365104675293,0.8349548578262329,0.030362863093614578,0.7922505736351013,0.0027499315328896046,0.8350697755813599,0.014316858723759651,0.7976664304733276,0.004774200730025768
294,15.975958427878448,7.547843141604444,23.547843141604446,7.571884713725998,0.8012579679489136,0.0002783089876174927,-0.00032660365104675293,0.8349548578262329,0.030362863093614578,0.7922505736351013,0.0027499315328896046,0.8350697755813599,0.014316858723759651,0.7976664304733276,0.004774200730025768
295,15.975958129783466,7.547843498179753,23.547843498179752,7.571885368396286,0.8012576103210449,-0.00029112398624420166,0.00028833746910095215,0.8349550366401672,0.030363094061613083,0.7922501564025879,0.002749962965026498,0.8350700736045837,0.014316561631858349,0.7976654171943665,0.004774191416800022
296,15.975958001190719,7.547843678314672,23.54784367831467,7.5718856771239516,0.8012576103210449,-0.00029112398624420166,0.00028833746910095215,0.8349550366401672,0.030363094061613083,0.7922501564025879,0.002749962965026498,0.8350700736045837,0.014316561631858349,0.7976654171943665,0.004774191416800022
297,15.975958025722615,7.5478436990658,23.5478436990658,7.571885673343186,0.8012576699256897,-0.0005182772874832153,0.0006368756294250488,0.834955096244812,0.030363094061613083,0.7922500371932983,0.0027499522548168898,0.8350698351860046,0.0143165597692132,0.7976658940315247,0.004774201661348343
298,15.97595829844193,7.547843404214213,23.547843404214213,7.571885105772283,0.8012576103210449,-0.00029112398624420166,0.00028833746910095215,0.8349550366401672,0.030363094061613083,0.7922501564025879,0.002749962965026498,0.8350700736045837,0.014316561631858349,0.7976654171943665,0.004774191416800022
299,15.97595868540276,7.547842996095635,23.547842996095635,7.571884310692875,0.8012579679489136,0.0002783089876174927,-0.00032660365104675293,0.8349548578262329,0.030362863093614578,0.7922505736351013,0.0027499315328896046,0.8350697755813599,0.014316858723759651,0.7976664304733276,0.004774200730025768
300,15.975958899251198,7.547842789504419,23.54784278950442,7.57188389025322,0.8012579679489136,0.0002783089876174927,-0.00032660365104675293,0.8349555730819702,0.030361948534846306,0.7922471165657043,0.002749928506091237,0.8350688815116882,0.014317489229142666,0.7976709008216858,0.0047742086462676525
