iteration,L_upper,delta_L_delay_um,L_lower,Delta_L,objective,grad_L_upper,grad_delta_L_delay_um,ch1_transmission,ch1_crosstalk,ch1_insertion_loss_db,ch1_flatness_var,ch2_transmission,ch2_crosstalk,ch2_insertion_loss_db,ch2_flatness_var
0,16.0,7.64012871081586,23.64012871081586,7.640128710815858,6.748419284820557,170.98788452148438,-152.92066955566406,0.5149719715118408,0.35015636682510376,3.0933570861816406,0.02424534782767296,0.7955433130264282,0.06583310663700104,1.0048280954360962,0.003429361153393984
1,15.950000000002925,7.690128710812591,23.69012871081259,7.740128710809666,1.7898423671722412,-15.407051086425781,15.728503227233887,0.712277352809906,0.1363273411989212,1.4902632236480713,0.003891831962391734,0.8152275085449219,0.05707745626568794,0.8989235162734985,0.003574222791939974
2,15.919973099060101,7.719646955371842,23.719646955371843,7.799673856311742,11.824624061584473,-493.8111267089844,505.3252868652344,0.576898455619812,0.2909078598022461,2.459756374359131,0.010343530215322971,0.5343143343925476,0.3430374264717102,3.2188644409179688,0.047511857002973557
3,15.942530400353524,7.6957213638473005,23.6957213638473,7.753190963493777,2.195657253265381,-48.80292892456055,50.09493637084961,0.6998419761657715,0.15110132098197937,1.5656287670135498,0.003567055333405733,0.7884930372238159,0.08672638982534409,1.0645800828933716,0.008850477635860443
4,15.963630147305373,7.673465570685071,23.67346557068507,7.7098354233796975,1.9852464199066162,23.22201156616211,-21.30143165588379,0.7063320279121399,0.14027848839759827,1.5432665348052979,0.00719578517600894,0.8191741704940796,0.05071798339486122,0.8872213363647461,0.006746185477823019
5,15.980240402757646,7.655764863148695,23.655764863148697,7.675524460391051,3.2412123680114746,60.757530212402344,-50.1572265625,0.6438959836959839,0.20844419300556183,1.9932562112808228,0.014673165045678616,0.7892071604728699,0.07828343659639359,1.0477473735809326,0.005544322542846203
6,15.991458705660298,7.643035842725351,23.64303584272535,7.651577137065052,5.149847507476807,119.81192016601562,-105.24212646484375,0.5644332766532898,0.29767152667045593,2.6379587650299072,0.021398011595010757,0.7869998812675476,0.07489784806966782,1.0517879724502563,0.003306615399196744
7,15.995409873284947,7.637041878078787,23.637041878078787,7.6416320047938395,6.436547756195068,160.97259521484375,-142.47592163085938,0.5232028365135193,0.34435442090034485,3.010941982269287,0.023571673780679703,0.7920786142349243,0.06721100956201553,1.0229387283325195,0.003158117877319455
8,15.991681003447413,7.6382300388090805,23.63823003880908,7.646549035361668,5.7235636711120605,138.09857177734375,-121.47686004638672,0.5448518395423889,0.3214460015296936,2.809972047805786,0.022411907091736794,0.7881140112876892,0.07129350304603577,1.0445679426193237,0.003075303742662072
9,15.98265648990567,7.644437865697534,23.644437865697533,7.661781375791863,4.118053436279297,87.87518310546875,-76.08163452148438,0.6036452054977417,0.25671830773353577,2.3070907592773438,0.018377035856246948,0.7827116847038269,0.07948403805494308,1.0752085447311401,0.003079271176829934
10,15.971068673698474,7.653117347862176,23.653117347862178,7.682048674163704,2.852393865585327,50.43116760253906,-40.485809326171875,0.6625587344169617,0.19084016978740692,1.8537851572036743,0.012750780209898949,0.7923561930656433,0.07487659156322479,1.0292918682098389,0.0051886760629713535
11,15.958658360333072,7.662561550044052,23.662561550044053,7.7039031897109815,2.0912883281707764,28.201007843017578,-21.605472564697266,0.7013305425643921,0.1472567766904831,1.577843427658081,0.008013793267309666,0.8164845108985901,0.055448632687330246,0.904170572757721,0.007383935619145632
12,15.946361067987711,7.6719448609871135,23.671944860987114,7.725583792999403,1.7313987016677856,7.754764556884766,-5.073962211608887,0.7152199745178223,0.13144294917583466,1.4782140254974365,0.005103518720716238,0.8302229642868042,0.04469915106892586,0.8216711282730103,0.004454325884580612
13,15.934958845243019,7.680614753313106,23.680614753313108,7.7456559080700895,1.892214298248291,-26.0878849029541,27.997177124023438,0.7060844302177429,0.14096929132938385,1.5284870862960815,0.0038280149456113577,0.8100689649581909,0.06702596694231033,0.9277534484863281,0.0038427996914833784
14,15.925737880140062,7.687270046066383,23.687270046066384,7.761532165926322,2.697908639907837,-78.57141876220703,82.39290618896484,0.6832131147384644,0.1654752641916275,1.6729615926742554,0.00392622547224164,0.7623618245124817,0.11680178344249725,1.2283313274383545,0.012124362401664257
15,15.920678097314148,7.689810748641521,23.68981074864152,7.7691326513273715,3.4487736225128174,-117.92511749267578,123.25769805908203,0.6670305132865906,0.1826704889535904,1.7805496454238892,0.00441476097330451,0.729052722454071,0.15135954320430756,1.459972620010376,0.018879679962992668
16,15.92094145978054,7.687019552145725,23.687019552145724,7.766078092365184,3.1019351482391357,-100.27600860595703,105.03811645507812,0.6735339760780334,0.17533552646636963,1.7367541790008545,0.004163484554737806,0.7437928318977356,0.13674184679985046,1.3546169996261597,0.015700681135058403
17,15.925203681558937,7.6802574341920575,23.680257434192058,7.7550537526331205,2.2534327507019043,-52.56043243408203,55.4935188293457,0.693728506565094,0.15368951857089996,1.6051805019378662,0.0037077099550515413,0.7874752879142761,0.0927538052201271,1.0655943155288696,0.007433450780808926
18,15.9311821228058,7.6718762294464495,23.67187622944645,7.74069410664065,1.771859884262085,-15.043523788452148,17.795467376708984,0.7104433178901672,0.13656140863895416,1.5018161535263062,0.003878181567415595,0.8226563334465027,0.05706189200282097,0.8592910766601562,0.003593387547880411
19,15.937227054933158,7.663528873488422,23.663528873488424,7.726301818555266,1.6930667161941528,6.635636329650879,-1.5455008745193481,0.716533362865448,0.13166822493076324,1.4681068658828735,0.004723683465272188,0.8336402177810669,0.04414715617895126,0.8044118881225586,0.004567374940961599
20,15.942450808904747,7.656002099396608,23.65600209939661,7.713551290491862,1.815109372138977,19.279327392578125,-12.059746742248535,0.7133358120918274,0.13754256069660187,1.4934488534927368,0.0060438672080636024,0.826482355594635,0.04743319749832153,0.8450835347175598,0.005334176123142242
21,15.946399194547983,7.64966272158733,23.64966272158733,7.703263527039347,2.0105605125427246,27.853755950927734,-20.419443130493164,0.704967200756073,0.14944085478782654,1.5520979166030884,0.0075466264970600605,0.8132814764976501,0.05595454201102257,0.9139295220375061,0.0046953740529716015
22,15.948818514775667,7.644764470523924,23.644764470523924,7.6959459557482575,2.202446937561035,34.03725051879883,-27.62903594970703,0.6958571672439575,0.16198411583900452,1.6154979467391968,0.008839329704642296,0.8021093010902405,0.06310930103063583,0.971662700176239,0.003844807157292962
23,15.949572597990084,7.641497167995431,23.641497167995432,7.691924570005348,2.3274338245391846,37.65471649169922,-32.39399337768555,0.6898555755615234,0.1704833209514618,1.657383918762207,0.009588801302015781,0.7957192659378052,0.06692678481340408,1.0050066709518433,0.003415562678128481
24,15.948643046388783,7.639933262942371,23.63993326294237,7.691290216553588,2.3436787128448486,38.151527404785156,-32.96750259399414,0.689296305179596,0.1721799373626709,1.661255121231079,0.009648086503148079,0.7941485643386841,0.06749297678470612,1.0132173299789429,0.0033290020655840635
25,15.946144944885582,7.639958450369105,23.639958450369104,7.693813505483522,2.2507007122039795,35.65522003173828,-30.736848831176758,0.6941837668418884,0.16708798706531525,1.6271899938583374,0.009062215685844421,0.7969200015068054,0.06514066457748413,0.9981914758682251,0.003385500516742468
26,15.94231180451441,7.641345844345955,23.641345844345956,7.699034039831545,2.0833535194396973,30.924728393554688,-26.333974838256836,0.702542245388031,0.15742158889770508,1.5693279504776,0.007992696948349476,0.8037359118461609,0.060069721192121506,0.9614002108573914,0.0034802977461367846
27,15.93745488721319,7.643791012974514,23.643791012974514,7.706336125761323,1.8923126459121704,24.698711395263672,-19.548011779785156,0.7114072442054749,0.1465146243572235,1.5080509185791016,0.006667383946478367,0.8136891722679138,0.053078144788742065,0.9078362584114075,0.003521335544064641
28,15.931927183616367,7.646905748181199,23.646905748181197,7.714978564564831,1.7278540134429932,17.17927360534668,-11.514110565185547,0.7179422378540039,0.13769222795963287,1.461956262588501,0.005339954514056444,0.8242465257644653,0.04637911170721054,0.8510438203811646,0.003399897599592805
29,15.926114184460303,7.650272609934769,23.650272609934767,7.724158425474464,1.6302850246429443,8.00405502319336,-2.2384212017059326,0.7203640937805176,0.13318905234336853,1.442261815071106,0.004223722033202648,0.8315669298171997,0.04326483979821205,0.811524510383606,0.0031978548504412174
30,15.920451177241214,7.653444375478778,23.653444375478777,7.732993198237564,1.62447190284729,-3.1585464477539062,8.517822265625,0.7183864712715149,0.13359619677066803,1.4508179426193237,0.0034429177176207304,0.832423210144043,0.046308498829603195,0.8071907758712769,0.0033373443875461817
31,15.915438493118828,7.65593246740501,23.65593246740501,7.740493974286181,1.705127239227295,-15.535810470581055,20.261322021484375,0.7134135961532593,0.13761720061302185,1.479183554649353,0.003004829864948988,0.8268644213676453,0.054912637919187546,0.8391280770301819,0.004194597713649273
32,15.911603297420367,7.657232093445215,23.657232093445216,7.7456287960248495,1.8172659873962402,-26.206104278564453,30.435527801513672,0.7083023190498352,0.14236149191856384,1.5096579790115356,0.0028068351093679667,0.8192171454429626,0.06443203240633011,0.8839712142944336,0.005433784332126379
33,15.909358023469323,7.656947891157154,23.656947891157152,7.747589867687829,1.8720539808273315,-30.9317626953125,34.966217041015625,0.7061472535133362,0.14468027651309967,1.522464394569397,0.0027027938049286604,0.8153967261314392,0.06879337131977081,0.9067932963371277,0.006106457207351923
34,15.90880111981038,7.654986971917078,23.65498697191708,7.746185852106699,1.8228847980499268,-27.731163024902344,31.83433723449707,0.7083006501197815,0.1432468593120575,1.5088024139404297,0.002620166167616844,0.8179023861885071,0.06534501165151596,0.8916206359863281,0.005617039743810892
35,15.909640945407741,7.651637064534204,23.651637064534203,7.741996119126462,1.711606740951538,-18.9378604888916,23.143383026123047,0.7135235667228699,0.13940313458442688,1.4768117666244507,0.0026218725834041834,0.8238024711608887,0.05690785497426987,0.8556447625160217,0.004282601643353701
36,15.911335391045192,7.647437207728193,23.647437207728192,7.736101816683,1.6142345666885376,-8.619491577148438,12.51920223236084,0.7192484140396118,0.1357642114162445,1.442983627319336,0.002829307923093438,0.8280993103981018,0.04870437830686569,0.8285077810287476,0.002907582325860858
37,15.913306319429639,7.642983832394306,23.642983832394307,7.729677512964669,1.5738133192062378,0.5116330981254578,2.383441925048828,0.7234097719192505,0.13422276079654694,1.4199222326278687,0.003281982848420739,0.8281522393226624,0.044091690331697464,0.8258146643638611,0.002116939052939415
38,15.915074992398884,7.638808059146676,23.638808059146676,7.723733066747792,1.5889892578125,7.478083610534668,-5.981512546539307,0.7252747416496277,0.13506701588630676,1.411346435546875,0.0038731892127543688,0.8247607350349426,0.04322100430727005,0.8435092568397522,0.0020619481801986694
39,15.916304820569144,7.635314993332059,23.63531499333206,7.719010172762916,1.6326594352722168,12.226354598999023,-11.961673736572266,0.7253617644309998,0.1372726410627365,1.4132416248321533,0.004421413876116276,0.820315420627594,0.044379446655511856,0.8682132959365845,0.002481535542756319
40,15.916795639742295,7.632759015023377,23.632759015023378,7.715963375281083,1.6746543645858765,14.999756813049316,-15.620238304138184,0.7248153686523438,0.13945074379444122,1.418162226676941,0.004794081207364798,0.8167127966880798,0.04582413658499718,0.8887619972229004,0.002983414102345705
41,15.916462953414591,7.631255703230901,23.631255703230902,7.714792749816311,1.6941198110580444,15.96947956085205,-17.112823486328125,0.7246369123458862,0.14051946997642517,1.419832468032837,0.004930672701448202,0.8149662017822266,0.046503935009241104,0.8989370465278625,0.003299456089735031
42,15.915321883617509,7.630798444594252,23.63079844459425,7.715476560976743,1.6840282678604126,15.275752067565918,-16.670927047729492,0.7252551913261414,0.140102818608284,1.4156901836395264,0.004833613988012075,0.8152693510055542,0.046107370406389236,0.897325873374939,0.0033170958049595356
43,15.913473581618154,7.631278478679449,23.631278478679448,7.717804897061294,1.6503372192382812,13.053305625915527,-14.484884262084961,0.7264100909233093,0.1385633796453476,1.4074891805648804,0.0045410809107124805,0.8172197341918945,0.04492148384451866,0.8861052393913269,0.0030415186192840338
44,15.911092815592802,7.632501541066292,23.63250154106629,7.721408725473488,1.6080597639083862,9.446224212646484,-10.705668449401855,0.727392852306366,0.13673637807369232,1.399757742881775,0.004111806862056255,0.8199591040611267,0.043677739799022675,0.8702077269554138,0.0025799465365707874
45,15.908415997214052,7.63420112162418,23.63420112162418,7.7257851244101285,1.5751888751983643,4.6347527503967285,-5.540687561035156,0.727470338344574,0.13552077114582062,1.3972011804580688,0.0036207714583724737,0.8223637938499451,0.043307505548000336,0.8562232255935669,0.00213937321677804
46,15.90572814408968,7.6360537548239185,23.63605375482392,7.730325610734239,1.5654188394546509,-1.016602635383606,0.5470336675643921,0.7263205647468567,0.13545091450214386,1.4020872116088867,0.003151801647618413,0.823463499546051,0.04447857663035393,0.8499412536621094,0.0019511689897626638
47,15.903340462417901,7.637707605754544,23.637707605754542,7.734367143336641,1.580426573753357,-6.763969421386719,6.668910026550293,0.7242811322212219,0.13642360270023346,1.4127185344696045,0.002777648391202092,0.8229970335960388,0.047045398503541946,0.8530019521713257,0.002107088454067707
48,15.901547739869343,7.638833805215796,23.638833805215796,7.737286065346453,1.6068888902664185,-11.42928409576416,11.54331111907959,0.7222479581832886,0.1377459466457367,1.4239131212234497,0.002538094064220786,0.8216556906700134,0.049891553819179535,0.8612720370292664,0.0024473308585584164
49,15.900563121458088,7.6391979511034425,23.63919795110344,7.738634829645353,1.6238963603973389,-13.762890815734863,13.890214920043945,0.7212077379226685,0.13855533301830292,1.4297479391098022,0.0024370707105845213,0.8206368088722229,0.05150842294096947,0.8674473762512207,0.002671349560841918
50,15.900452173681527,7.638727817449309,23.638727817449308,7.73827564376778,1.6190359592437744,-13.172107696533203,13.125492095947266,0.721652090549469,0.13839015364646912,1.4271997213363647,0.0024645982775837183,0.8206654191017151,0.05107080191373825,0.8670605421066284,0.0025973699521273375
51,15.901108518414823,7.637536648871128,23.637536648871126,7.736428130456304,1.5978213548660278,-10.114348411560059,9.717979431152344,0.7233050465583801,0.13746194541454315,1.4178993701934814,0.0026116441003978252,0.8214656114578247,0.04899887368083,0.8618667721748352,0.0023159757256507874
52,15.90229163120238,7.635883487468603,23.635883487468604,7.733591856266225,1.5764669179916382,-5.759061813354492,4.877810001373291,0.7253819108009338,0.1364046186208725,1.4065048694610596,0.002860462525859475,0.8221744894981384,0.04648756980895996,0.8572653532028198,0.0020774274598807096
53,15.903703670744926,7.634092402040223,23.634092402040224,7.730388731295298,1.567335844039917,-1.297992467880249,-0.10815773904323578,0.7271211743354797,0.1357766091823578,1.3973997831344604,0.0031680038664489985,0.8221628069877625,0.04457173869013786,0.8571487665176392,0.002059005666524172
54,15.905062996398128,7.632471966021194,23.632471966021193,7.727408969623065,1.5718055963516235,2.4666826725006104,-4.322368621826172,0.7281651496887207,0.1357329785823822,1.3924462795257568,0.003472913522273302,0.8214341402053833,0.04360097646713257,0.8614658117294312,0.0022474429570138454
55,15.906150421148487,7.631261385191067,23.631261385191067,7.72511096404258,1.5830368995666504,5.153958797454834,-7.310890197753906,0.7285833954811096,0.13605335354804993,1.3909696340560913,0.0037160213105380535,0.8204527497291565,0.04334251210093498,0.8673509359359741,0.0025027322117239237
56,15.9068277074959,7.63060768751299,23.630607687512992,7.723779980017092,1.5923415422439575,6.6355977058410645,-8.932317733764648,0.7286584973335266,0.1363760083913803,1.3911219835281372,0.0038590319454669952,0.8197499513626099,0.04337295889854431,0.8715678453445435,0.0026810590643435717
57,15.90703978540262,7.630563336744366,23.630563336744366,7.723523551341746,1.5941821336746216,6.921479225158691,-9.210967063903809,0.7286309003829956,0.13643710315227509,1.3914012908935547,0.0038860291242599487,0.8196474313735962,0.04339226335287094,0.8721780180931091,0.0027052706573158503
58,15.906808461275913,7.631094219622595,23.631094219622597,7.724285758346683,1.588044285774231,6.102861404418945,-8.248785018920898,0.728554368019104,0.13620473444461823,1.3915058374404907,0.00380236329510808,0.8201692700386047,0.04334067925810814,0.8690499663352966,0.0025751632638275623
59,15.90622156528766,7.6320919248254935,23.632091924825495,7.725870359537835,1.5777479410171509,4.327723503112793,-6.20116662979126,0.7283163070678711,0.1358463615179062,1.3922016620635986,0.0036300269421190023,0.8210778832435608,0.043370477855205536,0.8636258244514465,0.0023535792715847492
60,15.90541933731348,7.633388501124623,23.63338850112462,7.7279691638111405,1.5690665245056152,1.8462259769439697,-3.3411338329315186,0.7277663350105286,0.135605126619339,1.3945423364639282,0.003406260162591934,0.8220073580741882,0.043707601726055145,0.8581268191337585,0.002137549687176943
61,15.904575337580003,7.634777634009294,23.634777634009293,7.73020229642929,1.5662730932235718,-0.9740157127380371,-0.09111104160547256,0.7268795967102051,0.13563378155231476,1.398865818977356,0.003175834659487009,0.8226510286331177,0.04446091875433922,0.8544148802757263,0.002011627657338977
62,15.903871146831923,7.636044015545343,23.636044015545345,7.7321728687134215,1.5696884393692017,-3.627258062362671,2.9674108028411865,0.7258296608924866,0.13589808344841003,1.4043197631835938,0.0029816117603331804,0.8229169249534607,0.04548727720975876,0.8530330061912537,0.0019991525914520025
63,15.903463785017673,7.637001221218172,23.63700122121817,7.733537436200498,1.575473666191101,-5.560239315032959,5.216877460479736,0.7249330878257751,0.13620363175868988,1.4091384410858154,0.002853217301890254,0.8229645490646362,0.046404093503952026,0.8529766798019409,0.0020496195647865534
64,15.90345202186595,7.637529697551548,23.63752969755155,7.734077675685599,1.5785592794418335,-6.333790302276611,6.185388565063477,0.7244836688041687,0.13633166253566742,1.4116131067276,0.002803201088681817,0.8230382204055786,0.046813540160655975,0.8527054190635681,0.0020842463709414005
65,15.903852123898819,7.637602904319716,23.637602904319717,7.733750780420898,1.5765573978424072,-5.823045253753662,5.743435382843018,0.7245903611183167,0.1361885666847229,1.411085844039917,0.0028308613691478968,0.8232651948928833,0.046549391001462936,0.8514171838760376,0.0020602126605808735
66,15.904595592594124,7.637289231325761,23.63728923132576,7.732693638731636,1.571258306503296,-4.265146255493164,4.146054744720459,0.725127100944519,0.13585959374904633,1.4082672595977783,0.0029254553373903036,0.8235492706298828,0.04578831419348717,0.8496912121772766,0.0019977123010903597
67,15.905550755437824,7.636728284896707,23.636728284896705,7.731177529458881,1.566522479057312,-2.1333723068237305,1.9012056589126587,0.7258313894271851,0.13552238047122955,1.4046494960784912,0.0030671246349811554,0.8237051367759705,0.04488229751586914,0.848676323890686,0.0019479963229969144
68,15.90655850350449,7.636091855433438,23.63609185543344,7.729533351928948,1.5650265216827393,0.06083611398935318,-0.43376055359840393,0.7264553308486938,0.13531681895256042,1.4015969038009644,0.003227892564609647,0.8236263394355774,0.044138941913843155,0.8490438461303711,0.0019443820929154754
69,15.90746821438135,7.635544134423763,23.635544134423764,7.728075920042414,1.5667181015014648,1.9171900749206543,-2.4089112281799316,0.7268692851066589,0.13526706397533417,1.39974844455719,0.0033758864738047123,0.8233831524848938,0.04367376118898392,0.85040682554245,0.001979940105229616
70,15.908163884955172,7.635211814096763,23.635211814096763,7.727047929141591,1.5695186853408813,3.1866612434387207,-3.7369773387908936,0.7270650863647461,0.1352987140417099,1.3990323543548584,0.0034830772783607244,0.8231447339057922,0.04345105215907097,0.8517764806747437,0.0020221699960529804
71,15.90857836015611,7.635167245199665,23.635167245199664,7.7265888850435545,1.5711333751678467,3.7506208419799805,-4.277883529663086,0.7270892262458801,0.13531625270843506,1.399091362953186,0.003531268099322915,0.8230786919593811,0.04337583854794502,0.8521714806556702,0.002039162442088127
72,15.908697783745941,7.635422813252504,23.635422813252504,7.726725029506563,1.570509672164917,3.6087467670440674,-4.027097702026367,0.7269816994667053,0.13527067005634308,1.3996658325195312,0.0035159860271960497,0.8232545852661133,0.04339009150862694,0.8511902689933777,0.002019669394940138
73,15.90855768227616,7.635935054357943,23.635935054357944,7.727377372081785,1.568246841430664,2.84496808052063,-3.0816733837127686,0.7267493605613708,0.1351819485425949,1.4007543325424194,0.0034462090115994215,0.8236252665519714,0.04349807649850845,0.8491150140762329,0.0019758467096835375
74,15.908233545244364,7.636615538201927,23.636615538201927,7.728381992957562,1.5659056901931763,1.629159927368164,-1.6372251510620117,0.726387083530426,0.13511236011981964,1.4024686813354492,0.003341162111610174,0.8240721821784973,0.043730225414037704,0.8466444611549377,0.0019327278714627028
75,15.907826109239437,7.637347902137208,23.637347902137208,7.729521792897771,1.564942717552185,0.20277316868305206,0.027476634830236435,0.7259217500686646,0.1351117044687271,1.4047552347183228,0.003225552150979638,0.8244566321372986,0.04409968480467796,0.8445738554000854,0.0019125979160889983
76,15.907442653366788,7.638009598174422,23.63800959817442,7.730566944807633,1.565657377243042,-1.1532552242279053,1.5942333936691284,0.7254319190979004,0.13518156111240387,1.4072457551956177,0.0031230435706675053,0.8247118592262268,0.04453783482313156,0.8432669043540955,0.0019202291732653975
77,15.90717678272191,7.638494979908351,23.63849497990835,7.731318197186441,1.5671443939208984,-2.152237892150879,2.746394157409668,0.7250375151634216,0.1352696418762207,1.4092999696731567,0.003051793435588479,0.8248471021652222,0.04491036385297775,0.8426300883293152,0.001941377529874444
78,15.90708916086671,7.6387367314765955,23.638736731476595,7.731647570609885,1.5680826902389526,-2.595982074737549,3.2700538635253906,0.7248411178588867,0.13531485199928284,1.4103444814682007,0.003021331736817956,0.824910581111908,0.04508928209543228,0.8423420786857605,0.0019552898593246937
79,15.907195863943503,7.6387184191436335,23.638718419143633,7.731522555200129,1.567751169204712,-2.4196038246154785,3.097919464111328,0.7248855829238892,0.13528437912464142,1.4101276397705078,0.00303324474953115,0.82493656873703,0.045018520206213,0.8421888947486877,0.001950611942447722
80,15.907467097717122,7.638475530477835,23.638475530477834,7.731008432760712,1.566532015800476,-1.72003173828125,2.336859703063965,0.7251269221305847,0.1351991593837738,1.4088891744613647,0.0030816395301371813,0.8249174356460571,0.04474632814526558,0.8422271013259888,0.0019323696615174413
81,15.907837686428204,7.638083711973242,23.63808371197324,7.730246025545037,1.565395474433899,-0.7052032947540283,1.2139016389846802,0.7254696488380432,0.13510817289352417,1.4071502685546875,0.0031547583639621735,0.8248281478881836,0.04438493773341179,0.8426340222358704,0.0019147124839946628
82,15.908224883077615,7.637639006114571,23.637639006114572,7.729414123036957,1.5650562047958374,0.37527787685394287,0.005210551433265209,0.725814163684845,0.13504961133003235,1.4054392576217651,0.003236524760723114,0.8246625065803528,0.044051479548215866,0.8434783220291138,0.0019089450361207128
83,15.90854796270507,7.637235854826103,23.637235854826102,7.728687892121032,1.5655326843261719,1.293180227279663,-1.033814787864685,0.7260885238647461,0.13503500819206238,1.4041117429733276,0.003309751395136118,0.8244627118110657,0.04380842670798302,0.844542384147644,0.0019155085319653153
84,15.908744853792498,7.636948209182896,23.636948209182897,7.728203355390399,1.566251516342163,1.8928734064102173,-1.7238365411758423,0.7262617349624634,0.13504645228385925,1.4032882452011108,0.0033592816907912493,0.8242929577827454,0.04367312043905258,0.8454638123512268,0.0019261726411059499
85,15.90878221151227,7.636817681599437,23.63681768159944,7.728035470087169,1.5665570497512817,2.095508098602295,-1.9729124307632446,0.7263326644897461,0.1350579857826233,1.4029390811920166,0.003376575419679284,0.8242109417915344,0.04363017529249191,0.845909595489502,0.0019316853722557425
86,15.908659061350527,7.636849125168382,23.636849125168382,7.728190063817856,1.5662568807601929,1.9000749588012695,-1.7774170637130737,0.7263059616088867,0.13506151735782623,1.4030320644378662,0.003360668895766139,0.8242289423942566,0.04367099329829216,0.8458071351051331,0.0019287357572466135
87,15.908404361021585,7.637013216840481,23.63701321684048,7.728608855818894,1.565592646598816,1.3741050958633423,-1.2139112949371338,0.7261932492256165,0.13506455719470978,1.4035230875015259,0.0033176890574395657,0.8243211507797241,0.04378916695713997,0.845300555229187,0.0019204790005460382
88,15.908069585726095,7.637254959444705,23.637254959444704,7.729185373718609,1.5650588274002075,0.6391993165016174,-0.42008355259895325,0.7260141968727112,0.13508340716362,1.4043445587158203,0.003259166842326522,0.8244348764419556,0.043976690620183945,0.8446873426437378,0.0019134620670229197
89,15.907717760536984,7.6375062494784975,23.6375062494785,7.729788488941514,1.5649757385253906,-0.14140614867210388,0.4209267199039459,0.7258067727088928,0.13512538373470306,1.4053295850753784,0.003199106315150857,0.8245244026184082,0.04420152306556702,0.8442193865776062,0.0019122831290587783
90,15.90741011275872,7.637701042524617,23.63770104252462,7.730290929765898,1.5652729272842407,-0.8050553798675537,1.1271272897720337,0.7256250977516174,0.13517828285694122,1.406206727027893,0.003149675438180566,0.8245639801025391,0.04441642016172409,0.8440309166908264,0.0019164116820320487
91,15.907193738822569,7.637789327178974,23.637789327178975,7.730595588356406,1.565602421760559,-1.214205026626587,1.5473897457122803,0.7255207896232605,0.13522253930568695,1.4067059755325317,0.003120137145742774,0.8245589137077332,0.04455677047371864,0.8440768122673035,0.0019212450133636594
92,15.907092101597025,7.637747674787449,23.637747674787448,7.730655573190424,1.5656622648239136,-1.301411509513855,1.6088391542434692,0.7255248427391052,0.13524171710014343,1.4066587686538696,0.003114293096587062,0.8245186805725098,0.044585805386304855,0.8442938923835754,0.0019225225551053882
93,15.907101662990252,7.63758286824459,23.63758286824459,7.730481205254337,1.5654083490371704,-1.078323245048523,1.3247169256210327,0.7256345748901367,0.13523349165916443,1.4060747623443604,0.0031310468912124634,0.824447751045227,0.04450615495443344,0.8446579575538635,0.0019202164839953184
94,15.907194933577482,7.637328463469741,23.637328463469743,7.73013352989226,1.5650620460510254,-0.6261177062988281,0.7859286665916443,0.7258176803588867,0.13521040976047516,1.4051268100738525,0.0031651912722736597,0.8243477940559387,0.044353850185871124,0.8451712727546692,0.001917715766467154
95,15.9073287483901,7.637035439609695,23.637035439609697,7.729706691219597,1.5648789405822754,-0.07736273109912872,0.13954700529575348,0.7260241508483887,0.13518883287906647,1.4040734767913818,0.003207492409273982,0.8242247700691223,0.04418107494711876,0.8458154797554016,0.001918591558933258
96,15.907455982170166,7.636759057873566,23.636759057873565,7.729303075703399,1.564944863319397,0.4349997639656067,-0.4651033580303192,0.7262085676193237,0.13517901301383972,1.4031442403793335,0.0032479462679475546,0.8240942358970642,0.04403311386704445,0.846511721611023,0.0019235076615586877
97,15.907536414976816,7.636546524561167,23.63654652456117,7.729010109584353,1.5651472806930542,0.802534818649292,-0.9055860042572021,0.7263416647911072,0.13517937064170837,1.4024769067764282,0.0032777523156255484,0.8239863514900208,0.04393240809440613,0.8470945358276367,0.0019298334373161197
98,15.907544829050885,7.636427748823369,23.63642774882337,7.728882919772484,1.565267562866211,0.9587171077728271,-1.10615873336792,0.7264094948768616,0.13518500328063965,1.4021276235580444,0.0032907649874687195,0.8239195942878723,0.043892450630664825,0.8474574089050293,0.0019341568695381284
99,15.907475139432638,7.636410582094455,23.636410582094456,7.728935442661818,1.5652247667312622,0.8871006369590759,-1.0482782125473022,0.7264103889465332,0.1351926028728485,1.4021008014678955,0.00328565901145339,0.8239034414291382,0.04391101002693176,0.8475441336631775,0.0019344857428222895
100,15.907340180502187,7.636481080034992,23.63648108003499,7.729140899532803,1.5650596618652344,0.6217741370201111,-0.769298255443573,0.7263513207435608,0.1352042853832245,1.4023656845092773,0.003264818573370576,0.8239303231239319,0.04398084431886673,0.8473958969116211,0.0019313879311084747
101,15.907167417197234,7.636608325917909,23.63660832591791,7.729440908720674,1.5649155378341675,0.23692689836025238,-0.3532344698905945,0.726250946521759,0.13522103428840637,1.4028384685516357,0.00323467212729156,0.8239796757698059,0.04408793896436691,0.8471288681030273,0.001927479519508779
102,15.90699171736215,7.636752734025882,23.636752734025883,7.729761016663733,1.5648926496505737,-0.177928626537323,0.09918957948684692,0.7261348366737366,0.13524270057678223,1.403396487236023,0.003202669555321336,0.8240300416946411,0.04421062022447586,0.8468617796897888,0.0019250750774517655
103,15.906847422493952,7.636875102116537,23.636875102116537,7.7300276796225855,1.5649774074554443,-0.528883159160614,0.4821757376194,0.7260324358940125,0.1352655589580536,1.4038969278335571,0.0031763252336531878,0.8240665197372437,0.044319868087768555,0.8466717004776001,0.0019242472480982542
104,15.906760658538586,7.636945399295149,23.63694539929515,7.730184740756565,1.5650749206542969,-0.7363860011100769,0.7076612114906311,0.7259707450866699,0.1352817714214325,1.4042004346847534,0.0031608417630195618,0.8240843415260315,0.044386934489011765,0.8465820550918579,0.0019246622687205672
105,15.906743417712242,7.636949400976168,23.636949400976167,7.730205983263925,1.5650875568389893,-0.7641689777374268,0.7352736592292786,0.7259645462036133,0.13528525829315186,1.4042284488677979,0.003158731386065483,0.8240829706192017,0.04439646750688553,0.8465900421142578,0.0019248435273766518
106,15.906791692916903,7.636890800489123,23.636890800489123,7.7300991075722205,1.5650196075439453,-0.6243148446083069,0.578040599822998,0.7260112166404724,0.13527585566043854,1.4039942026138306,0.0031692313496023417,0.8240633606910706,0.04435146600008011,0.8466915488243103,0.0019247850868850946
107,15.906887795413743,7.636788641149304,23.636788641149302,7.729900845735559,1.5649290084838867,-0.3639242947101593,0.2887387275695801,0.7260937094688416,0.13525930047035217,1.4035847187042236,0.0031889136880636215,0.8240305185317993,0.04426857456564903,0.8468621373176575,0.0019252268830314279
108,15.907005430994438,7.636671570270741,23.636671570270742,7.729666139276304,1.5648877620697021,-0.060049690306186676,-0.04790973663330078,0.7261860966682434,0.13524207472801208,1.4031316041946411,0.0032122372649610043,0.823989987373352,0.04417535290122032,0.8470751643180847,0.0019265199080109596
109,15.907116912376232,7.636569807263342,23.636569807263342,7.72945289488711,1.5649152994155884,0.2164636254310608,-0.3523259162902832,0.7262659668922424,0.1352282464504242,1.402745008468628,0.003233645809814334,0.8239522576332092,0.04409373924136162,0.8472768664360046,0.001928652636706829
110,15.907199281371176,7.636508180550541,23.636508180550543,7.729308899179367,1.5649715662002563,0.4023335576057434,-0.5536046624183655,0.7263144254684448,0.13522027432918549,1.4025157690048218,0.003248064313083887,0.8239297270774841,0.0440409779548645,0.8473986983299255,0.0019303152803331614
111,15.907239313766839,7.636500450645988,23.63650045064599,7.729261136879151,1.564987301826477,0.4642302691936493,-0.6142141819000244,0.7263251543045044,0.13521553575992584,1.4024717807769775,0.0032527276780456305,0.8239308595657349,0.044023215770721436,0.8473924994468689,0.0019305774476379156
112,15.907235569766717,7.636546968487968,23.63654696848797,7.7293113987212525,1.5649646520614624,0.401460200548172,-0.534363865852356,0.7262974977493286,0.13521410524845123,1.4026154279708862,0.003247720655053854,0.8239555954933167,0.04404022917151451,0.8472591042518616,0.0019292337819933891
113,15.90719747834722,7.636635802486271,23.63663580248627,7.729438324139052,1.56491219997406,0.24326956272125244,-0.34607043862342834,0.7262396216392517,0.13521671295166016,1.4029062986373901,0.0032348542008548975,0.8239985704421997,0.04408572241663933,0.8470273017883301,0.0019268161850050092
114,15.907141907261401,7.636746558127082,23.636746558127083,7.7296046508656815,1.5648789405822754,0.03096489980816841,-0.09702581912279129,0.7261646389961243,0.1352214366197586,1.403282880783081,0.0032181323040276766,0.8240490555763245,0.04414762929081917,0.8467563986778259,0.0019243120914325118
115,15.907088959775818,7.636855271373915,23.636855271373914,7.729766311598096,1.5648847818374634,-0.17548276484012604,0.14554820954799652,0.7260897755622864,0.13522768020629883,1.4036613702774048,0.0032019452191889286,0.824097216129303,0.04420974478125572,0.84650057554245,0.001922610099427402
116,15.9070564702733,7.6369406456611895,23.63694064566119,7.729884175387891,1.564917802810669,-0.32637953758239746,0.32527634501457214,0.7260317802429199,0.135232076048851,1.4039576053619385,0.003190214978531003,0.8241341710090637,0.04425669461488724,0.8463054895401001,0.0019217467634007335
117,15.907055836023375,7.636988833469663,23.636988833469662,7.729932997446287,1.564931035041809,-0.3876354992389679,0.40491944551467896,0.7260019183158875,0.1352323442697525,1.404114007949829,0.003185238689184189,0.8241576552391052,0.04427673667669296,0.8461803197860718,0.0019210993777960539
118,15.907089550366065,7.636996135820316,23.636996135820315,7.72990658545425,1.56492018699646,-0.3520207107067108,0.37554019689559937,0.7260038256645203,0.13522689044475555,1.4041141271591187,0.003187917172908783,0.8241671323776245,0.04426487162709236,0.8461290001869202,0.001920718583278358
119,15.907151306441712,7.636968954972299,23.6369689549723,7.729817648530588,1.5648953914642334,-0.23355057835578918,0.2531076669692993,0.7260318994522095,0.1352166384458542,1.4039829969406128,0.0031966681126505136,0.8241640329360962,0.044228293001651764,0.8461431860923767,0.0019205432618036866
120,15.907227977498843,7.636921513311151,23.63692151331115,7.729693535812308,1.5648757219314575,-0.07203436642885208,0.08107131719589233,0.7260748744010925,0.13520547747612,1.4037774801254272,0.0032088826410472393,0.8241507411003113,0.04417962580919266,0.8462114930152893,0.001920767710544169
121,15.907303743145784,7.636871269650489,23.636871269650488,7.729567526504704,1.5648761987686157,0.09360650926828384,-0.09617861360311508,0.7261182069778442,0.13519549369812012,1.403572678565979,0.0032215446699410677,0.8241363763809204,0.04412952437996864,0.846286952495575,0.0019213034538552165
122,15.907363803296116,7.636834619316744,23.636834619316744,7.729470816020628,1.5649043321609497,0.21840624511241913,-0.22910822927951813,0.7261491417884827,0.13518895208835602,1.4034278392791748,0.0032311228569597006,0.8241239786148071,0.044094208627939224,0.8463524580001831,0.0019219483947381377
123,15.907398343344616,7.636822465418931,23.63682246541893,7.729424122074315,1.5649025440216064,0.2790309190750122,-0.29077470302581787,0.726162850856781,0.13518373668193817,1.4033654928207397,0.0032357312738895416,0.8241223692893982,0.04407652094960213,0.8463608026504517,0.0019220502581447363
124,15.907404223754988,7.636838214836829,23.63683821483683,7.729433991081841,1.5649008750915527,0.26816660165786743,-0.2732103168964386,0.7261543869972229,0.1351824253797531,1.403412103652954,0.003234847215935588,0.8241316080093384,0.044078875333070755,0.8463111519813538,0.001921695307828486
125,15.907385081462682,7.6368776776572345,23.636877677657235,7.729492596194554,1.5648887157440186,0.19406087696552277,-0.18609271943569183,0.726128101348877,0.13518378138542175,1.4035444259643555,0.003228971268981695,0.8241504430770874,0.04410061985254288,0.846210777759552,0.0019209805177524686
126,15.907350006295369,7.636930601491614,23.636930601491613,7.729580595196245,1.5648736953735352,0.08086267858743668,-0.05641244351863861,0.7260907888412476,0.1351875215768814,1.4037292003631592,0.003219999372959137,0.8241733908653259,0.04413366690278053,0.8460885286331177,0.0019201174145564437
127,15.907310868142066,7.636983686984135,23.636983686984134,7.729672818842069,1.5648683309555054,-0.03873815760016441,0.07943575084209442,0.7260518074035645,0.1351928859949112,1.4039227962493896,0.0032108731102198362,0.824195921421051,0.04416850581765175,0.8459692001342773,0.001919382601045072
128,15.907279074246706,7.637024235787805,23.637024235787806,7.7297451615411,1.5648748874664307,-0.13066953420639038,0.18388250470161438,0.7260227799415588,0.13519571721553802,1.4040662050247192,0.0032037273049354553,0.8242119550704956,0.04419649392366409,0.8458848595619202,0.001919071888551116
129,15.90726245970444,7.63704361486437,23.63704361486437,7.729781155159932,1.5648877620697021,-0.1771848201751709,0.23592600226402283,0.7260069847106934,0.13519899547100067,1.4041452407836914,0.003200068837031722,0.824219286441803,0.044210873544216156,0.8458463549613953,0.0019189042504876852
130,15.907263945605594,7.637038883259219,23.63703888325922,7.729774937653625,1.5648906230926514,-0.1697768121957779,0.22697260975837708,0.7260096669197083,0.13519935309886932,1.4041317701339722,0.0032006516121327877,0.8242170214653015,0.044208675622940063,0.8458582758903503,0.0019189544254913926
131,15.907281163925699,7.63701311920773,23.63701311920773,7.7297319552820305,1.5648884773254395,-0.11394817382097244,0.16281768679618835,0.7260282635688782,0.13519689440727234,1.404038667678833,0.00320497527718544,0.8242060542106628,0.04419206455349922,0.845916211605072,0.001919207745231688
132,15.907307421841217,7.636974360173286,23.636974360173287,7.72966693833207,1.5648754835128784,-0.028880801051855087,0.06594298034906387,0.726056694984436,0.13519348204135895,1.4038960933685303,0.0032114554196596146,0.8241907358169556,0.04416630044579506,0.8459969758987427,0.0019195880740880966
133,15.90733387189613,7.636933042500886,23.636933042500885,7.7295991706047555,1.5648753643035889,0.05757652223110199,-0.033776670694351196,0.7260859608650208,0.1351906806230545,1.4037505388259888,0.00321820261888206,0.824173092842102,0.04414040595293045,0.8460904359817505,0.0019201061222702265
134,15.907352323024455,7.636898944144617,23.63689894414462,7.729546621120164,1.564884066581726,0.12379229813814163,-0.11099753528833389,0.7261096239089966,0.13518834114074707,1.403631329536438,0.0032235176768153906,0.8241567611694336,0.044121403247117996,0.8461775183677673,0.0019206402357667685
135,15.907357232130975,7.63687881205571,23.63687881205571,7.729521579924734,1.5648871660232544,0.15529385209083557,-0.14960768818855286,0.7261225581169128,0.13518747687339783,1.4035652875900269,0.0032260827720165253,0.8241468667984009,0.044111646711826324,0.8462299704551697,0.0019210189348086715
136,15.907346853089301,7.6368750715692375,23.636875071569236,7.729528218479935,1.564874529838562,0.14559051394462585,-0.14251478016376495,0.7261232137680054,0.1351887434720993,1.4035581350326538,0.0032253337558358908,0.824144721031189,0.044114094227552414,0.8462421298027039,0.00192102394066751
137,15.907323531713025,7.636885510910961,23.63688551091096,7.7295619791979355,1.5648747682571411,0.10227715224027634,-0.09751895070075989,0.7261133193969727,0.13519199192523956,1.4036033153533936,0.00322200870141387,0.8241463303565979,0.044127218425273895,0.8462336659431458,0.0019210352329537272
138,15.907292627087855,7.636904435794847,23.636904435794847,7.729611808706991,1.5648760795593262,0.036447856575250626,-0.027560990303754807,0.726095974445343,0.13519667088985443,1.4036858081817627,0.0032170217018574476,0.8241519927978516,0.044146351516246796,0.846203625202179,0.001920761656947434
139,15.907261187300774,7.636924227440047,23.636924227440048,7.729663040139274,1.5648714303970337,-0.030582576990127563,0.04351908713579178,0.7260791659355164,0.13520042598247528,1.4037655591964722,0.0032120186369866133,0.8241571187973022,0.04416680335998535,0.8461773991584778,0.0019205749267712235
140,15.907235745760946,7.63693783938261,23.63693783938261,7.729702093621665,1.564874291419983,-0.08105356991291046,0.09672892093658447,0.7260661721229553,0.13520415127277374,1.403826117515564,0.00320800906047225,0.8241607546806335,0.044182151556015015,0.8461577296257019,0.0019204823765903711
141,15.907220644134913,7.636940611914214,23.636940611914213,7.7297199677793,1.5648796558380127,-0.10460460186004639,0.11998084932565689,0.7260618805885315,0.13520663976669312,1.4038447141647339,0.0032062798272818327,0.8241599202156067,0.04418869689106941,0.846163272857666,0.0019205514108762145
142,15.90721721354226,7.6369312571193975,23.636931257119397,7.729714043577136,1.564878225326538,-0.09871038794517517,0.1103014275431633,0.7260668873786926,0.13520734012126923,1.403817057609558,0.003206851426512003,0.8241543173789978,0.044186972081661224,0.8461930155754089,0.001920712529681623
143,15.907223787739063,7.636911862141566,23.636911862141567,7.729688074402503,1.5648726224899292,-0.06504297256469727,0.06982693076133728,0.7260802984237671,0.13520601391792297,1.4037485122680664,0.003209482878446579,0.8241454362869263,0.044177088886499405,0.8462398648262024,0.0019209401216357946
144,15.90723612462687,7.636887387185993,23.636887387185993,7.729651262559123,1.5648735761642456,-0.01857813075184822,0.01524425484240055,0.7260965704917908,0.13520504534244537,1.4036664962768555,0.0032130826730281115,0.8241351842880249,0.04416283592581749,0.8462948203086853,0.0019213781924918294
145,15.907249103403851,7.636863753884432,23.636863753884434,7.729614650480583,1.5648690462112427,0.0294305682182312,-0.04030284285545349,0.7261129021644592,0.13520348072052002,1.403584599494934,0.003216806799173355,0.824123740196228,0.04414971545338631,0.8463550209999084,0.0019216440850868821
146,15.907257911056229,7.636846448833731,23.63684644883373,7.7295885377775,1.56487238407135,0.06173991411924362,-0.07837620377540588,0.7261251211166382,0.13520248234272003,1.4035223722457886,0.0032193746883422136,0.8241168260574341,0.04413878172636032,0.8463921546936035,0.0019219359382987022
147,15.90725972639664,7.63683870947279,23.63683870947279,7.72957898307615,1.5648754835128784,0.07405301928520203,-0.09315381944179535,0.7261298298835754,0.1352027952671051,1.403498888015747,0.0032204468734562397,0.8241137266159058,0.04413476213812828,0.8464088439941406,0.0019221027614548802
148,15.907253973913589,7.636841133402081,23.63684113340208,7.72958715948849,1.5648747682571411,0.06393585354089737,-0.08280205726623535,0.7261277437210083,0.13520321249961853,1.4035078287124634,0.003219540696591139,0.8241132497787476,0.0441388301551342,0.8464112877845764,0.0019220521207898855
149,15.907242372396121,7.63685172180732,23.636851721807318,7.729609349411197,1.5648669004440308,0.03526458516716957,-0.05134879797697067,0.7261196374893188,0.1352045089006424,1.4035463333129883,0.003217365825548768,0.8241180181503296,0.04414615407586098,0.8463859558105469,0.001921938150189817
150,15.907228347595566,7.6368665130549465,23.636866513054947,7.729638165459381,1.5648764371871948,-0.0021126195788383484,-0.009679460898041725,0.7261079549789429,0.1352064162492752,1.4036043882369995,0.003214400727301836,0.8241225481033325,0.044159047305583954,0.8463622331619263,0.0019217029912397265
151,15.90721589320355,7.636880861804237,23.636880861804237,7.729664968600687,1.5648717880249023,-0.03667031228542328,0.02906697429716587,0.7260972261428833,0.13520817458629608,1.4036571979522705,0.0032118004746735096,0.8241289258003235,0.04416840523481369,0.8463283777236938,0.0019215239444747567
152,15.907208357827207,7.636890841485252,23.636890841485254,7.729682483658047,1.5648757219314575,-0.05962493270635605,0.05491955950856209,0.7260898351669312,0.1352088898420334,1.4036941528320312,0.0032100749667733908,0.8241324424743652,0.044175583869218826,0.8463099598884583,0.001921368995681405
153,15.907207611429325,7.636894204219379,23.63689420421938,7.729686592790056,1.564874529838562,-0.06587108224630356,0.06246402487158775,0.7260879874229431,0.13520905375480652,1.4037035703659058,0.0032096989452838898,0.8241337537765503,0.04417748376727104,0.8463026881217957,0.0019213258055970073
154,15.907213655101442,7.6368907916574535,23.636890791657454,7.7296771365560115,1.5648716688156128,-0.0533633753657341,0.049163032323122025,0.7260907292366028,0.1352081298828125,1.4036911725997925,0.0032106072176247835,0.8241334557533264,0.04417318478226662,0.8463045954704285,0.001921463874168694
155,15.907224574689021,7.636882615552046,23.636882615552047,7.7296580408630255,1.564875841140747,-0.02710271254181862,0.020963557064533234,0.726097583770752,0.1352064162492752,1.403658151626587,0.003212554147467017,0.8241305947303772,0.044165581464767456,0.8463190197944641,0.0019214310450479388
156,15.907237219859823,7.636873051758861,23.63687305175886,7.729635831899039,1.564876675605774,0.0004913515876978636,-0.009096262976527214,0.7261053919792175,0.13520483672618866,1.4036204814910889,0.0032146968878805637,0.8241270780563354,0.04415759816765785,0.8463372588157654,0.0019215128850191832
157,15.90724858922753,7.636865363647107,23.636865363647107,7.729616774419577,1.5648775100708008,0.026411015540361404,-0.036741890013217926,0.7261122465133667,0.1352037489414215,1.4035879373550415,0.003216648008674383,0.8241246342658997,0.044150061905384064,0.8463507890701294,0.0019216109067201614
158,15.907256125770719,7.636862267219977,23.636862267219975,7.729606141449256,1.564882755279541,0.041231248527765274,-0.052062831819057465,0.726114809513092,0.13520292937755585,1.4035769701004028,0.0032176559325307608,0.8241239190101624,0.044146258383989334,0.8463544845581055,0.0019217850640416145
159,15.907258653708274,7.636864940205886,23.636864940205886,7.729606286497612,1.5648729801177979,0.03969841077923775,-0.048998989164829254,0.7261139750480652,0.13520243763923645,1.4035815000534058,0.003217648481950164,0.824126660823822,0.04414514824748039,0.8463397026062012,0.00192160508595407
160,15.90725680350456,7.636872518984657,23.636872518984656,7.729615715480097,1.5648744106292725,0.028592819347977638,-0.0355963259935379,0.7261090278625488,0.13520218431949615,1.4036071300506592,0.0032167118042707443,0.8241302371025085,0.044148992747068405,0.8463201522827148,0.00192152033559978
161,15.907252145788734,7.636883127760562,23.636883127760562,7.7296309819718285,1.5648773908615112,0.010080194100737572,-0.013322683051228523,0.7261019945144653,0.13520286977291107,1.4036426544189453,0.0032151793129742146,0.8241349458694458,0.04415490850806236,0.846295952796936,0.001921436982229352
162,15.907246883216462,7.636894121527351,23.63689412152735,7.729647238310889,1.5648695230484009,-0.012499792501330376,0.013065322302281857,0.7260947227478027,0.13520343601703644,1.4036794900894165,0.003213541116565466,0.8241404294967651,0.044160690158605576,0.8462664484977722,0.0019211521139368415
163,15.907243445618427,7.636902657837587,23.636902657837588,7.729659212219161,1.564876914024353,-0.027516936883330345,0.030846763402223587,0.7260884642601013,0.1352037936449051,1.4037115573883057,0.003212330397218466,0.824144184589386,0.0441654697060585,0.846246600151062,0.0019210751634091139
164,15.907243244918659,7.636907070733842,23.63690707073384,7.729663825815182,1.5648703575134277,-0.03369806706905365,0.038858115673065186,0.7260861396789551,0.13520380854606628,1.4037234783172607,0.0032118279486894608,0.8241467475891113,0.044166628271341324,0.8462327718734741,0.0019209483871236444
165,15.90724663103799,7.636906890618404,23.636906890618405,7.729660259580415,1.564871907234192,-0.02846633642911911,0.033997103571891785,0.7260864973068237,0.1352035105228424,1.4037225246429443,0.0032122002448886633,0.8241472840309143,0.044165097177028656,0.8462299704551697,0.001920923008583486
166,15.907252711951026,7.6369030721876205,23.63690307218762,7.729650360236596,1.5648791790008545,-0.015371020883321762,0.019834499806165695,0.726090133190155,0.13520245254039764,1.4037054777145386,0.003213270101696253,0.8241451382637024,0.04416222497820854,0.8462411165237427,0.0019209599122405052
167,15.907259840525,7.636897484559513,23.636897484559512,7.729637644034511,1.5648725032806396,0.0014432836323976517,0.001546474639326334,0.7260947823524475,0.13520172238349915,1.4036823511123657,0.003214480122551322,0.8241440057754517,0.04415661469101906,0.8462473750114441,0.0019210681784898043
168,15.907266122785702,7.636892271982065,23.636892271982063,7.729626149196362,1.564879059791565,0.015029678121209145,-0.013466618955135345,0.7260986566543579,0.135200634598732,1.4036647081375122,0.00321566523052752,0.8241423964500427,0.04415209963917732,0.8462556004524231,0.0019210880855098367
169,15.907270183182188,7.636889027764413,23.63688902776441,7.729618844582223,1.5648751258850098,0.02651228941977024,-0.025736462324857712,0.7261015772819519,0.13520017266273499,1.403649926185608,0.0032164135482162237,0.8241409659385681,0.04414926841855049,0.8462632298469543,0.0019211691105738282
170,15.907270996760772,7.636888902123454,23.636888902123452,7.72961790536268,1.5648689270019531,0.027859201654791832,-0.02698083221912384,0.7261015772819519,0.13520017266273499,1.403649926185608,0.0032164135482162237,0.8241409659385681,0.04414926841855049,0.8462632298469543,0.0019211691105738282
171,15.907268724310326,7.636891737161411,23.636891737161413,7.729623012851087,1.56487238407135,0.019605685025453568,-0.018112163990736008,0.7261000871658325,0.1351998746395111,1.403657078742981,0.003215937176719308,0.824141800403595,0.04415186867117882,0.8462590575218201,0.0019211150938645005
172,15.907264549722022,7.636896282398034,23.636896282398034,7.729631732676012,1.5648704767227173,0.009369732812047005,-0.006776820402592421,0.7260972261428833,0.13519977033138275,1.4036705493927002,0.003215096890926361,0.8241435289382935,0.044154804199934006,0.8462494611740112,0.0019210973987355828
173,15.907259762964788,7.636901131316453,23.636901131316453,7.729641368351665,1.5648767948150635,-0.003035106463357806,0.007420623674988747,0.7260924577713013,0.13520149886608124,1.4036948680877686,0.0032141506671905518,0.8241452574729919,0.044158320873975754,0.8462403416633606,0.0019209507154300809
174,15.907255772051641,7.636904690421253,23.636904690421254,7.729648918369612,1.564875602722168,-0.011801881715655327,0.017275629565119743,0.7260894179344177,0.13520219922065735,1.4037102460861206,0.0032133532222360373,0.8241467475891113,0.044161606580019,0.8462324738502502,0.0019210262689739466
175,15.9072534589836,7.636905991826446,23.636905991826445,7.729652532842845,1.564873218536377,-0.018243078142404556,0.023974353447556496,0.72608882188797,0.13520187139511108,1.4037123918533325,0.0032130186446011066,0.8241469264030457,0.0441628135740757,0.8462314605712891,0.0019209095044061542
176,15.90725337098272,7.6369045053589035,23.636904505358903,7.729651134376182,1.5648725032806396,-0.016290754079818726,0.021506499499082565,0.7260898351669312,0.1352018564939499,1.4037069082260132,0.003213177202269435,0.8241458535194397,0.044162310659885406,0.8462371230125427,0.0019209334859624505
177,15.907255083242648,7.636900768586411,23.63690076858641,7.729645685343764,1.5648823976516724,-0.008819040842354298,0.01265420950949192,0.7260916829109192,0.13520225882530212,1.4036978483200073,0.0032136105000972748,0.8241446614265442,0.04416027292609215,0.8462439775466919,0.0019209764432162046
178,15.907257601952782,7.6368959817139945,23.636895981713995,7.729638379761212,1.5648730993270874,-4.4923857785761356e-05,0.0020636909175664186,0.7260957360267639,0.1352016180753708,1.4036766290664673,0.0032143928110599518,0.8241416811943054,0.044157903641462326,0.8462589979171753,0.001921075046993792
179,15.90725988070734,7.6368914291195615,23.63689142911956,7.729631548412222,1.5648726224899292,0.008857598528265953,-0.008099920116364956,0.7260981798171997,0.1352016180753708,1.4036645889282227,0.0032150677870959044,0.8241409063339233,0.04415443167090416,0.8462637066841125,0.00192113290540874
180,15.907260954671349,7.636888229561021,23.63688822956102,7.729627274889671,1.5648704767227173,0.014121164567768574,-0.014903145842254162,0.7261011004447937,0.1352006047964096,1.4036494493484497,0.0032155048102140427,0.8241386413574219,0.04415316507220268,0.8462756276130676,0.001921250601299107
181,15.90726035201199,7.636887021111583,23.636887021111583,7.729626669099593,1.564871907234192,0.014741532504558563,-0.015761394053697586,0.7261019349098206,0.13520082831382751,1.4036446809768677,0.0032156147062778473,0.8241382241249084,0.04415284842252731,0.846278190612793,0.0019212763290852308
182,15.90725816180484,7.636887712212943,23.636887712212943,7.729629550408102,1.5648740530014038,0.01063350960612297,-0.011701739393174648,0.7261003255844116,0.1352018415927887,1.4036535024642944,0.003215337172150612,0.8241386413574219,0.044153373688459396,0.8462754487991333,0.001921233837492764
183,15.907254993699278,7.636889663044593,23.63688966304459,7.729634669345314,1.564880609512329,0.005580836441367865,-0.006124263163655996,0.7260984778404236,0.13520237803459167,1.4036616086959839,0.0032147469464689493,0.8241390585899353,0.044155653566122055,0.8462734222412109,0.0019211831968277693
184,15.907251506941039,7.63689212060135,23.63689212060135,7.72964061366031,1.5648791790008545,-0.003453189041465521,0.003623225726187229,0.7260964512825012,0.13520295917987823,1.4036719799041748,0.003214250784367323,0.8241389989852905,0.044158872216939926,0.8462740778923035,0.0019212525803595781
185,15.907248748612723,7.636893925651765,23.636893925651766,7.729645177039043,1.5648778676986694,-0.009196578525006771,0.009642605669796467,0.7260950207710266,0.13520307838916779,1.403678297996521,0.003213797463104129,0.8241395950317383,0.04416095092892647,0.8462710976600647,0.0019211368635296822
186,15.907247298046038,7.636894451754402,23.6368944517544,7.729647153708363,1.564876914024353,-0.01124629843980074,0.011835671961307526,0.726094663143158,0.135203018784523,1.4036800861358643,0.0032136235386133194,0.8241400718688965,0.04416108503937721,0.8462691307067871,0.0019212410552427173
187,15.907247263336535,7.636893568490079,23.63689356849008,7.729646305153546,1.564877986907959,-0.010668176226317883,0.01099284179508686,0.7260948419570923,0.135203018784523,1.4036787748336792,0.0032136922236531973,0.8241395354270935,0.04416074603796005,0.8462714552879333,0.0019212637562304735
188,15.907248444667026,7.636891506094267,23.636891506094265,7.72964306142724,1.564877986907959,-0.006124597974121571,0.005669416394084692,0.7260962724685669,0.13520310819149017,1.4036718606948853,0.00321400654502213,0.824138343334198,0.04415983334183693,0.8462775349617004,0.0019211684120818973
189,15.907250209180821,7.636888990151719,23.636888990151718,7.729638780970896,1.5648725032806396,-0.00015581329353153706,-0.0010386090725660324,0.726098895072937,0.13520224392414093,1.4036579132080078,0.0032143574208021164,0.8241377472877502,0.044157762080430984,0.8462806344032288,0.0019212474580854177
190,15.90725181966439,7.636886839461318,23.63688683946132,7.729635019796929,1.5648781061172485,0.003621660638600588,-0.00555745605379343,0.7260997891426086,0.13520283997058868,1.4036540985107422,0.0032147581223398447,0.8241365551948547,0.044156771153211594,0.8462874293327332,0.0019213727209717035
191,15.907252858013795,7.636885543423279,23.63688554342328,7.729632685409484,1.5648746490478516,0.007834261283278465,-0.010076131671667099,0.7261006236076355,0.13520269095897675,1.4036504030227661,0.0032150200568139553,0.8241357803344727,0.04415610060095787,0.8462910652160645,0.00192128901835531
192,15.907252894333036,7.636885546747934,23.636885546747934,7.729632652414898,1.5648746490478516,0.007834261283278465,-0.010076131671667099,0.7261006236076355,0.13520269095897675,1.4036504030227661,0.0032150200568139553,0.8241357803344727,0.04415610060095787,0.8462910652160645,0.00192128901835531
193,15.907252023657367,7.636886726213639,23.63688672621364,7.729634702556272,1.564879298210144,0.005476159974932671,-0.0073693981394171715,0.7260998487472534,0.13520307838916779,1.403653860092163,0.0032148195896297693,0.8241362571716309,0.044156577438116074,0.8462886810302734,0.001921369112096727
194,15.907250604504137,7.636888653636314,23.636888653636312,7.729638049132175,1.5648728609085083,0.0003511491813696921,-0.0016635977663099766,0.7260985374450684,0.13520297408103943,1.4036608934402466,0.0032144843135029078,0.8241381645202637,0.04415690153837204,0.8462786078453064,0.0019212504848837852
195,15.907249282922644,7.636890588573317,23.636890588573316,7.729641305650672,1.5648669004440308,-0.0035387487150728703,0.0028853018302470446,0.7260980606079102,0.13520219922065735,1.4036623239517212,0.003214225172996521,0.8241385221481323,0.04415834695100784,0.8462764024734497,0.0019211878534406424
196,15.907248501716337,7.636891995174958,23.636891995174956,7.729643493458619,1.564879059791565,-0.006725468672811985,0.006412217393517494,0.7260960936546326,0.13520333170890808,1.4036731719970703,0.0032139860559254885,0.8241385221481323,0.04416023939847946,0.8462768197059631,0.0019211414037272334
197,15.907248581052258,7.636892507494267,23.636892507494267,7.729643926442009,1.5648778676986694,-0.007308734115213156,0.007252232171595097,0.7260957360267639,0.13520309329032898,1.4036744832992554,0.0032139390241354704,0.8241389393806458,0.044160179793834686,0.8462743759155273,0.0019211473409086466
198,15.907249507457228,7.6368921111102175,23.636892111110217,7.729642603652989,1.564867377281189,-0.006044548936188221,0.006110865622758865,0.726097047328949,0.13520237803459167,1.403667688369751,0.003214069176465273,0.8241392374038696,0.04415913298726082,0.8462724089622498,0.0019211482722312212
199,15.907251052455281,7.636891027753093,23.636891027753094,7.729639975297813,1.5648788213729858,-0.001449595671147108,0.0010166256688535213,0.7260969877243042,0.13520289957523346,1.4036682844161987,0.0032141965348273516,0.824139416217804,0.044157784432172775,0.8462716341018677,0.0019211850594729185
200,15.907252617284847,7.63688992898144,23.63688992898144,7.729637311696592,1.5648781061172485,0.0009473915561102331,-0.0016123903915286064,0.7260981202125549,0.1352023333311081,1.4036633968353271,0.0032145895529538393,0.8241380453109741,0.044157955795526505,0.8462794423103333,0.0019211897160857916
201,15.907253917786571,7.636889129879937,23.636889129879936,7.729635212093365,1.5648744106292725,0.00520013552159071,-0.006010061129927635,0.7260989546775818,0.13520227372646332,1.4036587476730347,0.003214713651686907,0.8241378664970398,0.04415661841630936,0.8462802767753601,0.0019212436163797975
202,15.90725447651236,7.636889128281811,23.636889128281812,7.729634651769452,1.5648744106292725,0.00520013552159071,-0.006010061129927635,0.726098895072937,0.13520242273807526,1.4036599397659302,0.003214819123968482,0.8241387605667114,0.04415542632341385,0.8462753295898438,0.0019212346524000168
203,15.907254364122322,7.636889848371468,23.636889848371467,7.729635484249146,1.5648735761642456,0.00356697547249496,-0.004005605820566416,0.7260982394218445,0.13520213961601257,1.403662919998169,0.0032147227320820093,0.8241391777992249,0.04415605589747429,0.8462727665901184,0.0019211830804124475
204,15.907253838584618,7.636890980411187,23.636890980411188,7.72963714182657,1.5648725032806396,0.0026529706083238125,-0.002711776178330183,0.7260977625846863,0.13520225882530212,1.40366530418396,0.0032144866418093443,0.8241390585899353,0.044157352298498154,0.8462736010551453,0.0019211703911423683
205,15.907253048029308,7.636892329333894,23.636892329333893,7.7296392813045856,1.564873218536377,-0.0009327159496024251,0.00132851954549551,0.7260964512825012,0.1352025419473648,1.4036723375320435,0.0032143420539796352,0.8241395950317383,0.04415861889719963,0.846270740032196,0.0019211400067433715
206,15.907252446111174,7.636893385843627,23.636893385843628,7.7296409397324535,1.5648781061172485,-0.0032566478475928307,0.003975604195147753,0.7260957956314087,0.13520224392414093,1.4036753177642822,0.0032142209820449352,0.8241400122642517,0.044159021228551865,0.8462682962417603,0.0019211253384128213
207,15.907252293284458,7.636893856788612,23.63689385678861,7.729641563504153,1.564876914024353,-0.00384711311198771,0.004708235152065754,0.726095974445343,0.13520249724388123,1.403674840927124,0.0032142072450369596,0.8241400718688965,0.04415939003229141,0.8462680578231812,0.0019211136968806386
208,15.907252617733695,7.636893708869829,23.636893708869827,7.729641091136132,1.564876914024353,-0.00384711311198771,0.004708235152065754,0.7260957956314087,0.13520225882530212,1.4036753177642822,0.003214222611859441,0.8241400122642517,0.044159021228551865,0.8462685942649841,0.0019211235921829939
209,15.907253374105744,7.636893000962792,23.636893000962793,7.729639626857049,1.5648752450942993,-0.0017262098845094442,0.0023523634299635887,0.7260966300964355,0.13520221412181854,1.4036710262298584,0.003214295255020261,0.8241394758224487,0.044158559292554855,0.8462713360786438,0.0019211173057556152
210,15.907254265209342,7.636892074399514,23.636892074399512,7.729637809190169,1.564873456954956,0.0012476396514102817,-0.0009091445244848728,0.726097047328949,0.1352025717496872,1.4036695957183838,0.003214517142623663,0.8241404294967651,0.04415679723024368,0.8462667465209961,0.001921128830872476
211,15.907254918177065,7.6368913497999,23.6368913497999,7.7296364316228345,1.564879298210144,0.0030686822719872,-0.0028618955984711647,0.7260971665382385,0.13520236313343048,1.4036685228347778,0.00321453926153481,0.8241403698921204,0.044156383723020554,0.8462669253349304,0.001921164570376277
212,15.90725513467043,7.636891047881898,23.636891047881896,7.729635913211466,1.5648778676986694,0.003887174418196082,-0.003935401793569326,0.726097583770752,0.1352023333311081,1.4036668539047241,0.0032145928125828505,0.8241400122642517,0.04415615275502205,0.8462686538696289,0.001921155140735209
213,15.907254856654403,7.636891260656933,23.63689126065693,7.7296364040025285,1.564879298210144,0.0030686822719872,-0.0028618955984711647,0.7260971665382385,0.13520236313343048,1.4036685228347778,0.00321453926153481,0.8241403698921204,0.044156383723020554,0.8462669253349304,0.001921164570376277
214,15.90725423111924,7.636891806427033,23.636891806427034,7.729637575307795,1.564873456954956,0.0012476396514102817,-0.0009091445244848728,0.726097047328949,0.1352025717496872,1.4036695957183838,0.003214517142623663,0.8241404294967651,0.04415679723024368,0.8462667465209961,0.001921128830872476
215,15.907253513952597,7.636892411569555,23.636892411569555,7.729638897616958,1.564873218536377,-0.0009327159496024251,0.00132851954549551,0.7260969281196594,0.13520221412181854,1.4036699533462524,0.0032143692951649427,0.8241399526596069,0.04415792226791382,0.8462690711021423,0.001921148388646543
216,15.90725298130532,7.636892792528025,23.636892792528023,7.729639811222704,1.5648752450942993,-0.0017262098845094442,0.0023523634299635887,0.7260962724685669,0.1352025419473648,1.4036731719970703,0.0032142705749720335,0.8241391181945801,0.04415922611951828,0.8462730050086975,0.0019211212638765574
217,15.907252713087685,7.636892843225707,23.636892843225706,7.729640130138021,1.564880132675171,-0.002759605646133423,0.0033023275900632143,0.7260962724685669,0.1352025419473648,1.4036731719970703,0.0032142705749720335,0.8241391181945801,0.04415922611951828,0.8462730050086975,0.0019211212638765574
218,15.907252811493064,7.63689247652781,23.63689247652781,7.729639665034744,1.564873218536377,-0.0009327159496024251,0.00132851954549551,0.7260964512825012,0.1352025419473648,1.4036723375320435,0.0032143420539796352,0.8241395950317383,0.04415861889719963,0.846270740032196,0.0019211400067433715
219,15.907253015635321,7.636891979309785,23.636891979309784,7.7296389636744625,1.5648744106292725,-0.0003602119395509362,0.0005244957283139229,0.7260966897010803,0.1352027952671051,1.4036706686019897,0.0032143767457455397,0.8241390585899353,0.0441586896777153,0.8462737202644348,0.0019211325561627746
220,15.90725324449165,7.636891464836157,23.636891464836157,7.729638220344507,1.564873218536377,0.00024727266281843185,-0.00022793933749198914,0.7260974049568176,0.13520225882530212,1.4036670923233032,0.003214428434148431,0.8241392970085144,0.044157594442367554,0.8462720513343811,0.0019211675971746445
221,15.907253420247335,7.636891029324292,23.636891029324293,7.729637609076958,1.5648729801177979,0.001061704009771347,-0.0012786495499312878,0.7260977625846863,0.13520225882530212,1.40366530418396,0.0032144866418093443,0.8241390585899353,0.044157352298498154,0.8462736010551453,0.0019211703911423683
222,15.907253446523072,7.636890797697946,23.636890797697944,7.729637351174873,1.5648729801177979,0.001061704009771347,-0.0012786495499312878,0.7260977625846863,0.13520225882530212,1.40366530418396,0.0032144866418093443,0.8241390585899353,0.044157352298498154,0.8462736010551453,0.0019211703911423683
223,15.90725333759557,7.636890750437943,23.636890750437942,7.729637412842372,1.5648729801177979,0.001061704009771347,-0.0012786495499312878,0.7260977625846863,0.13520225882530212,1.40366530418396,0.0032144866418093443,0.8241390585899353,0.044157352298498154,0.8462736010551453,0.0019211703911423683
224,15.907253106349197,7.636890869928783,23.636890869928784,7.729637763579587,1.5648729801177979,0.001061704009771347,-0.0012786495499312878,0.7260974049568176,0.135202556848526,1.4036672115325928,0.0032144624274224043,0.8241385817527771,0.044158048927783966,0.8462759256362915,0.0019211684120818973
225,15.907252764411673,7.636891140273123,23.63689114027312,7.729638375861448,1.5648778676986694,-0.0007951743900775909,0.0007556406781077385,0.7260974049568176,0.135202556848526,1.4036672115325928,0.0032144624274224043,0.8241385817527771,0.044158048927783966,0.8462761044502258,0.0019211667822673917
226,15.907252555986963,7.636891287895363,23.636891287895363,7.7296387319084,1.5648778676986694,-0.0007951743900775909,0.0007556406781077385,0.7260969877243042,0.1352025866508484,1.4036691188812256,0.003214404685422778,0.8241389989852905,0.04415827989578247,0.8462738990783691,0.0019211623584851623
227,15.907252468270821,7.636891324554661,23.63689132455466,7.72963885628384,1.5648778676986694,-0.0007951743900775909,0.0007556406781077385,0.7260969877243042,0.1352025866508484,1.4036691188812256,0.003214404685422778,0.8241389989852905,0.04415827989578247,0.8462738990783691,0.0019211623584851623
228,15.907252489708355,7.6368912608628055,23.636891260862804,7.729638771154448,1.5648778676986694,-0.0007951743900775909,0.0007556406781077385,0.7260969877243042,0.1352025866508484,1.4036691188812256,0.003214404685422778,0.8241389989852905,0.04415827989578247,0.8462738990783691,0.0019211623584851623
229,15.90725260987222,7.636891106396087,23.636891106396085,7.729638496523865,1.5648778676986694,3.0462630093097687e-05,-0.00033477460965514183,0.7260974049568176,0.135202556848526,1.4036672115325928,0.0032144624274224043,0.8241385817527771,0.044158048927783966,0.8462759256362915,0.0019211684120818973
230,15.907252714411833,7.636891010117454,23.636891010117452,7.7296382957056196,1.5648778676986694,3.0462630093097687e-05,-0.00033477460965514183,0.7260974049568176,0.135202556848526,1.4036672115325928,0.0032144624274224043,0.8241385817527771,0.044158048927783966,0.8462759256362915,0.0019211684120818973
231,15.907252804844987,7.636890966441532,23.636890966441534,7.729638161596547,1.5648729801177979,0.001061704009771347,-0.0012786495499312878,0.7260974049568176,0.135202556848526,1.4036672115325928,0.0032144624274224043,0.8241385817527771,0.044158048927783966,0.8462759256362915,0.0019211684120818973
232,15.907252750830503,7.636891092382009,23.636891092382008,7.729638341551505,1.5648778676986694,3.0462630093097687e-05,-0.00033477460965514183,0.7260974049568176,0.135202556848526,1.4036672115325928,0.0032144624274224043,0.8241385817527771,0.044158048927783966,0.8462759256362915,0.0019211684120818973
233,15.907252698200057,7.636891249396634,23.636891249396633,7.729638551196576,1.5648778676986694,-0.0007951743900775909,0.0007556406781077385,0.7260969877243042,0.1352025866508484,1.4036691188812256,0.003214404685422778,0.8241389989852905,0.04415827989578247,0.8462738990783691,0.0019211623584851623
234,15.907252752768784,7.636891292865247,23.636891292865247,7.729638540096463,1.5648778676986694,-0.0007951743900775909,0.0007556406781077385,0.7260969877243042,0.1352025866508484,1.4036691188812256,0.003214404685422778,0.8241389989852905,0.04415827989578247,0.8462738990783691,0.0019211623584851623
235,15.907252904292665,7.636891233661268,23.636891233661267,7.729638329368601,1.564873218536377,0.00024727266281843185,-0.00022793933749198914,0.7260974049568176,0.135202556848526,1.4036672115325928,0.0032144624274224043,0.8241385817527771,0.044158048927783966,0.8462761044502258,0.0019211667822673917
236,15.907253009103492,7.6368912100096535,23.636891210009654,7.729638200906162,1.564873218536377,0.00024727266281843185,-0.00022793933749198914,0.7260974049568176,0.135202556848526,1.4036672115325928,0.0032144624274224043,0.8241385817527771,0.044158048927783966,0.8462761044502258,0.0019211667822673917
237,15.907253071695624,7.636891218502435,23.636891218502434,7.72963814680681,1.564873218536377,0.00024727266281843185,-0.00022793933749198914,0.7260974049568176,0.135202556848526,1.4036672115325928,0.0032144624274224043,0.8241385817527771,0.044158048927783966,0.8462761044502258,0.0019211667822673917
238,15.907253096124425,7.636891256064511,23.636891256064512,7.729638159940087,1.564873218536377,0.00024727266281843185,-0.00022793933749198914,0.7260969877243042,0.1352025866508484,1.4036691188812256,0.003214404685422778,0.8241389989852905,0.04415827989578247,0.8462738990783691,0.0019211623584851623
239,15.907253086049112,7.636891319921153,23.636891319921155,7.729638233872043,1.564873218536377,0.00024727266281843185,-0.00022793933749198914,0.7260969877243042,0.1352025866508484,1.4036691188812256,0.003214404685422778,0.8241389989852905,0.04415827989578247,0.8462738990783691,0.0019211623584851623
240,15.907253044771426,7.636891407568682,23.636891407568683,7.729638362797257,1.564873218536377,0.00024727266281843185,-0.00022793933749198914,0.7260969877243042,0.1352025866508484,1.4036691188812256,0.003214404685422778,0.8241389989852905,0.04415827989578247,0.8462738990783691,0.0019211623584851623
241,15.907252975270538,7.636891516748012,23.636891516748012,7.729638541477474,1.564873218536377,0.00024727266281843185,-0.00022793933749198914,0.7260969877243042,0.1352025866508484,1.4036691188812256,0.003214404685422778,0.8241389989852905,0.04415827989578247,0.8462738990783691,0.0019211623584851623
242,15.907252880234537,7.636891645420759,23.63689164542076,7.729638765186223,1.5648744106292725,-0.0003602119395509362,0.0005244957283139229,0.7260969877243042,0.13520260155200958,1.4036691188812256,0.0032144058495759964,0.8241389989852905,0.04415827989578247,0.8462740182876587,0.0019211664330214262
243,15.90725284172269,7.6368916918840695,23.63689169188407,7.729638850161381,1.5648744106292725,-0.0003602119395509362,0.0005244957283139229,0.7260969877243042,0.13520260155200958,1.4036691188812256,0.0032144058495759964,0.8241389989852905,0.04415827989578247,0.8462740182876587,0.0019211664330214262
244,15.907252854310514,7.636891664025282,23.63689166402528,7.729638809714768,1.5648744106292725,-0.0003602119395509362,0.0005244957283139229,0.7260969877243042,0.13520260155200958,1.4036691188812256,0.0032144058495759964,0.8241389989852905,0.04415827989578247,0.8462740182876587,0.0019211664330214262
245,15.90725291310371,7.636891568960844,23.636891568960845,7.729638655857135,1.564873218536377,0.00024727266281843185,-0.00022793933749198914,0.7260969877243042,0.1352025866508484,1.4036691188812256,0.003214404685422778,0.8241389989852905,0.04415827989578247,0.8462738990783691,0.0019211623584851623
246,15.907252933499882,7.6368915136682896,23.63689151366829,7.729638580168407,1.564873218536377,0.00024727266281843185,-0.00022793933749198914,0.7260969877243042,0.1352025866508484,1.4036691188812256,0.003214404685422778,0.8241389989852905,0.04415827989578247,0.8462738990783691,0.0019211623584851623
247,15.90725291918432,7.636891494322958,23.63689149432296,7.72963857513864,1.564873218536377,0.00024727266281843185,-0.00022793933749198914,0.7260969877243042,0.1352025866508484,1.4036691188812256,0.003214404685422778,0.8241389989852905,0.04415827989578247,0.8462738990783691,0.0019211623584851623
248,15.907252873482022,7.636891507474114,23.636891507474115,7.729638633992092,1.564873218536377,0.00024727266281843185,-0.00022793933749198914,0.7260969877243042,0.1352025866508484,1.4036691188812256,0.003214404685422778,0.8241389989852905,0.04415827989578247,0.8462738990783691,0.0019211623584851623
249,15.907252799392902,7.636891550008413,23.636891550008414,7.729638750615512,1.564873218536377,0.00024727266281843185,-0.00022793933749198914,0.7260969877243042,0.1352025866508484,1.4036691188812256,0.003214404685422778,0.8241389989852905,0.04415827989578247,0.8462738990783691,0.0019211623584851623
250,15.907252699623545,7.636891619116935,23.636891619116934,7.729638919493389,1.5648797750473022,-0.001395940431393683,0.0014893840998411179,0.7260969877243042,0.13520260155200958,1.4036691188812256,0.0032144058495759964,0.8241389989852905,0.04415827989578247,0.8462740182876587,0.0019211664330214262
251,15.907252795994719,7.6368914801366845,23.636891480136683,7.729638684141964,1.564873218536377,0.00024727266281843185,-0.00022793933749198914,0.7260969877243042,0.1352025866508484,1.4036691188812256,0.003214404685422778,0.8241389989852905,0.04415827989578247,0.8462738990783691,0.0019211623584851623
252,15.907252849837326,7.636891385652546,23.636891385652547,7.729638535815221,1.564873218536377,0.00024727266281843185,-0.00022793933749198914,0.7260969877243042,0.1352025866508484,1.4036691188812256,0.003214404685422778,0.8241389989852905,0.04415827989578247,0.8462738990783691,0.0019211623584851623
253,15.90725286524345,7.636891331375003,23.636891331375004,7.729638466131554,1.564873218536377,0.00024727266281843185,-0.00022793933749198914,0.7260969877243042,0.1352025866508484,1.4036691188812256,0.003214404685422778,0.8241389989852905,0.04415827989578247,0.8462738990783691,0.0019211623584851623
254,15.907252845904894,7.636891313434144,23.636891313434145,7.72963846752925,1.564873218536377,0.00024727266281843185,-0.00022793933749198914,0.7260969877243042,0.1352025866508484,1.4036691188812256,0.003214404685422778,0.8241389989852905,0.04415827989578247,0.8462738990783691,0.0019211623584851623
255,15.907252795152312,7.6368913283386375,23.63689132833864,7.729638533186327,1.564873218536377,0.00024727266281843185,-0.00022793933749198914,0.7260969877243042,0.1352025866508484,1.4036691188812256,0.003214404685422778,0.8241389989852905,0.04415827989578247,0.8462738990783691,0.0019211623584851623
256,15.907252715990515,7.636891372938722,23.63689137293872,7.729638656948206,1.5648778676986694,-0.0007951743900775909,0.0007556406781077385,0.7260969877243042,0.1352025866508484,1.4036691188812256,0.003214404685422778,0.8241389989852905,0.04415827989578247,0.8462738990783691,0.0019211623584851623
257,15.907252752177351,7.636891309653109,23.63689130965311,7.729638557475758,1.5648778676986694,-0.0007951743900775909,0.0007556406781077385,0.7260969877243042,0.1352025866508484,1.4036691188812256,0.003214404685422778,0.8241389989852905,0.04415827989578247,0.8462738990783691,0.0019211623584851623
258,15.907252892644646,7.63689114882771,23.636891148827708,7.729638256183062,1.564873218536377,0.00024727266281843185,-0.00022793933749198914,0.7260974049568176,0.135202556848526,1.4036672115325928,0.0032144624274224043,0.8241385817527771,0.044158048927783966,0.8462761044502258,0.0019211667822673917
259,15.907252985738644,7.6368910351295884,23.636891035129587,7.7296380493909425,1.5648729801177979,0.001061704009771347,-0.0012786495499312878,0.7260974049568176,0.135202556848526,1.4036672115325928,0.0032144624274224043,0.8241385817527771,0.044158048927783966,0.8462759256362915,0.0019211684120818973
260,15.907252925105052,7.636891108895484,23.636891108895483,7.729638183790431,1.5648729801177979,0.001061704009771347,-0.0012786495499312878,0.7260974049568176,0.135202556848526,1.4036672115325928,0.0032144624274224043,0.8241385817527771,0.044158048927783966,0.8462759256362915,0.0019211684120818973
261,15.907252725498386,7.636891352132873,23.636891352132874,7.729638626634488,1.5648778676986694,-0.0007951743900775909,0.0007556406781077385,0.7260969877243042,0.1352025866508484,1.4036691188812256,0.003214404685422778,0.8241389989852905,0.04415827989578247,0.8462738990783691,0.0019211623584851623
262,15.907252654235046,7.636891466869703,23.636891466869702,7.729638812634656,1.5648778676986694,-0.0007951743900775909,0.0007556406781077385,0.7260969877243042,0.1352025866508484,1.4036691188812256,0.003214404685422778,0.8241389989852905,0.04415827989578247,0.8462738990783691,0.0019211623584851623
263,15.907252698968286,7.6368914654767845,23.636891465476786,7.729638766508501,1.5648778676986694,-0.0007951743900775909,0.0007556406781077385,0.7260969877243042,0.1352025866508484,1.4036691188812256,0.003214404685422778,0.8241389989852905,0.04415827989578247,0.8462738990783691,0.0019211623584851623
264,15.907252848560073,7.636891359113848,23.636891359113847,7.729638510553773,1.564873218536377,0.00024727266281843185,-0.00022793933749198914,0.7260969877243042,0.1352025866508484,1.4036691188812256,0.003214404685422778,0.8241389989852905,0.04415827989578247,0.8462738990783691,0.0019211623584851623
265,15.907252949437984,7.636891294954768,23.63689129495477,7.7296383455167845,1.564873218536377,0.00024727266281843185,-0.00022793933749198914,0.7260969877243042,0.1352025866508484,1.4036691188812256,0.003214404685422778,0.8241389989852905,0.04415827989578247,0.8462738990783691,0.0019211623584851623
266,15.907253006305247,7.636891268929585,23.636891268929585,7.729638262624338,1.564873218536377,0.00024727266281843185,-0.00022793933749198914,0.7260969877243042,0.1352025866508484,1.4036691188812256,0.003214404685422778,0.8241389989852905,0.04415827989578247,0.8462738990783691,0.0019211623584851623
267,15.907253023404536,7.636891277366884,23.636891277366885,7.729638253962349,1.564873218536377,0.00024727266281843185,-0.00022793933749198914,0.7260969877243042,0.1352025866508484,1.4036691188812256,0.003214404685422778,0.8241389989852905,0.04415827989578247,0.8462738990783691,0.0019211623584851623
268,15.907253004563039,7.636891316954783,23.63689131695478,7.729638312391742,1.564873218536377,0.00024727266281843185,-0.00022793933749198914,0.7260969877243042,0.1352025866508484,1.4036691188812256,0.003214404685422778,0.8241389989852905,0.04415827989578247,0.8462738990783691,0.0019211623584851623
269,15.90725295323313,7.636891384705745,23.636891384705745,7.729638431472615,1.564873218536377,0.00024727266281843185,-0.00022793933749198914,0.7260969877243042,0.1352025866508484,1.4036691188812256,0.003214404685422778,0.8241389989852905,0.04415827989578247,0.8462738990783691,0.0019211623584851623
270,15.907252872529057,7.636891477924827,23.636891477924827,7.72963860539577,1.564873218536377,0.00024727266281843185,-0.00022793933749198914,0.7260969877243042,0.1352025866508484,1.4036691188812256,0.003214404685422778,0.8241389989852905,0.04415827989578247,0.8462738990783691,0.0019211623584851623
271,15.907252765260042,7.636891594181038,23.636891594181037,7.729638828920995,1.5648778676986694,-0.0007951743900775909,0.0007556406781077385,0.7260969877243042,0.1352025866508484,1.4036691188812256,0.003214404685422778,0.8241389989852905,0.04415827989578247,0.8462738990783691,0.0019211623584851623
272,15.907252779634458,7.636891592121421,23.636891592121422,7.729638812486964,1.5648778676986694,-0.0007951743900775909,0.0007556406781077385,0.7260969877243042,0.1352025866508484,1.4036691188812256,0.003214404685422778,0.8241389989852905,0.04415827989578247,0.8462738990783691,0.0019211623584851623
273,15.907252903951546,7.636891483129037,23.636891483129038,7.729638579177491,1.564873218536377,0.00024727266281843185,-0.00022793933749198914,0.7260969877243042,0.1352025866508484,1.4036691188812256,0.003214404685422778,0.8241389989852905,0.04415827989578247,0.8462738990783691,0.0019211623584851623
274,15.907252981371489,7.636891417215567,23.636891417215566,7.729638435844077,1.564873218536377,0.00024727266281843185,-0.00022793933749198914,0.7260969877243042,0.1352025866508484,1.4036691188812256,0.003214404685422778,0.8241389989852905,0.04415827989578247,0.8462738990783691,0.0019211623584851623
275,15.907253016422889,7.636891390222148,23.636891390222146,7.729638373799258,1.564873218536377,0.00024727266281843185,-0.00022793933749198914,0.7260969877243042,0.1352025866508484,1.4036691188812256,0.003214404685422778,0.8241389989852905,0.04415827989578247,0.8462738990783691,0.0019211623584851623
276,15.907253013190601,7.636891398397433,23.63689139839743,7.7296383852068296,1.564873218536377,0.00024727266281843185,-0.00022793933749198914,0.7260969877243042,0.1352025866508484,1.4036691188812256,0.003214404685422778,0.8241389989852905,0.04415827989578247,0.8462738990783691,0.0019211623584851623
277,15.907252975359194,7.636891438357679,23.63689143835768,7.729638462998485,1.564873218536377,0.00024727266281843185,-0.00022793933749198914,0.7260969877243042,0.1352025866508484,1.4036691188812256,0.003214404685422778,0.8241389989852905,0.04415827989578247,0.8462738990783691,0.0019211623584851623
278,15.90725290625215,7.6368915070507475,23.63689150705075,7.729638600798598,1.564873218536377,0.00024727266281843185,-0.00022793933749198914,0.7260969877243042,0.1352025866508484,1.4036691188812256,0.003214404685422778,0.8241389989852905,0.04415827989578247,0.8462738990783691,0.0019211623584851623
279,15.907252808867245,7.636891601723614,23.636891601723615,7.72963879285637,1.564873218536377,0.00024727266281843185,-0.00022793933749198914,0.7260969877243042,0.1352025866508484,1.4036691188812256,0.003214404685422778,0.8241389989852905,0.04415827989578247,0.8462738990783691,0.0019211623584851623
280,15.907252685908448,7.6368917198930735,23.63689171989307,7.729639033984624,1.5648797750473022,-0.001395940431393683,0.0014893840998411179,0.7260969877243042,0.13520260155200958,1.4036691188812256,0.0032144058495759964,0.8241389989852905,0.04415827989578247,0.8462740182876587,0.0019211664330214262
281,15.90725277375996,7.636891611777562,23.636891611777564,7.729638838017603,1.5648797750473022,-0.001395940431393683,0.0014893840998411179,0.7260969877243042,0.13520260155200958,1.4036691188812256,0.0032144058495759964,0.8241389989852905,0.04415827989578247,0.8462740182876587,0.0019211664330214262
282,15.907253052133978,7.636891299151435,23.636891299151436,7.7296382470174585,1.564873218536377,0.00024727266281843185,-0.00022793933749198914,0.7260969877243042,0.1352025866508484,1.4036691188812256,0.003214404685422778,0.8241389989852905,0.04415827989578247,0.8462738990783691,0.0019211623584851623
283,15.907253267832225,7.636891050205725,23.636891050205726,7.729637782373501,1.5648729801177979,0.001061704009771347,-0.0012786495499312878,0.7260977625846863,0.13520225882530212,1.40366530418396,0.0032144866418093443,0.8241390585899353,0.044157352298498154,0.8462736010551453,0.0019211703911423683
284,15.907253310274646,7.636891011136734,23.636891011136733,7.729637700862087,1.5648729801177979,0.001061704009771347,-0.0012786495499312878,0.7260977625846863,0.13520225882530212,1.40366530418396,0.0032144866418093443,0.8241390585899353,0.044157352298498154,0.8462736010551453,0.0019211703911423683
285,15.907253196162989,7.636891161714864,23.636891161714864,7.729637965551875,1.564873218536377,0.00024727266281843185,-0.00022793933749198914,0.7260977625846863,0.13520225882530212,1.40366530418396,0.0032144866418093443,0.8241389989852905,0.044157348573207855,0.8462738990783691,0.0019211688777431846
286,15.907253057692788,7.636891330698839,23.636891330698838,7.729638273006049,1.564873218536377,0.00024727266281843185,-0.00022793933749198914,0.7260969877243042,0.1352025866508484,1.4036691188812256,0.003214404685422778,0.8241389989852905,0.04415827989578247,0.8462738990783691,0.0019211623584851623
287,15.90725289718502,7.636891516347224,23.636891516347223,7.729638619162204,1.564873218536377,0.00024727266281843185,-0.00022793933749198914,0.7260969877243042,0.1352025866508484,1.4036691188812256,0.003214404685422778,0.8241389989852905,0.04415827989578247,0.8462738990783691,0.0019211623584851623
288,15.907252716733078,7.636891717089324,23.636891717089323,7.729639000356245,1.5648797750473022,-0.001395940431393683,0.0014893840998411179,0.7260969877243042,0.13520260155200958,1.4036691188812256,0.0032144058495759964,0.8241389989852905,0.04415827989578247,0.8462740182876587,0.0019211664330214262
289,15.907252755974943,7.636891679940993,23.636891679940994,7.729638923966052,1.5648797750473022,-0.001395940431393683,0.0014893840998411179,0.7260969877243042,0.13520260155200958,1.4036691188812256,0.0032144058495759964,0.8241389989852905,0.04415827989578247,0.8462740182876587,0.0019211664330214262
290,15.90725299373811,7.6368914278294096,23.63689142782941,7.729638434091301,1.564873218536377,0.00024727266281843185,-0.00022793933749198914,0.7260969877243042,0.1352025866508484,1.4036691188812256,0.003214404685422778,0.8241389989852905,0.04415827989578247,0.8462738990783691,0.0019211623584851623
291,15.907253172230508,7.636891234001821,23.636891234001823,7.729638061771315,1.564873218536377,0.00024727266281843185,-0.00022793933749198914,0.7260974049568176,0.135202556848526,1.4036672115325928,0.0032144624274224043,0.8241385817527771,0.044158048927783966,0.8462761044502258,0.0019211667822673917
292,15.90725329720126,7.6368910928013545,23.636891092801356,7.729637795600096,1.5648729801177979,0.001061704009771347,-0.0012786495499312878,0.7260977625846863,0.13520225882530212,1.40366530418396,0.0032144866418093443,0.8241390585899353,0.044157352298498154,0.8462736010551453,0.0019211703911423683
293,15.907253255061509,7.636891154266801,23.636891154266802,7.729637899205294,1.564873218536377,0.00024727266281843185,-0.00022793933749198914,0.7260977625846863,0.13520225882530212,1.40366530418396,0.0032144866418093443,0.8241389989852905,0.044157348573207855,0.8462738990783691,0.0019211688777431846
294,15.907253180928707,7.6368912434167635,23.636891243416763,7.729638062488055,1.564873218536377,0.00024727266281843185,-0.00022793933749198914,0.7260969877243042,0.1352025866508484,1.4036691188812256,0.003214404685422778,0.8241389989852905,0.04415827989578247,0.8462738990783691,0.0019211623584851623
295,15.907253077874985,7.636891357597525,23.636891357597527,7.729638279722542,1.564873218536377,0.00024727266281843185,-0.00022793933749198914,0.7260969877243042,0.1352025866508484,1.4036691188812256,0.003214404685422778,0.8241389989852905,0.04415827989578247,0.8462738990783691,0.0019211623584851623
296,15.907252948671067,7.636891494415725,23.636891494415725,7.729638545744658,1.564873218536377,0.00024727266281843185,-0.00022793933749198914,0.7260969877243042,0.1352025866508484,1.4036691188812256,0.003214404685422778,0.8241389989852905,0.04415827989578247,0.8462738990783691,0.0019211623584851623
297,15.907252795815825,7.636891651712818,23.63689165171282,7.729638855896994,1.5648744106292725,-0.0003602119395509362,0.0005244957283139229,0.7260969877243042,0.13520260155200958,1.4036691188812256,0.0032144058495759964,0.8241389989852905,0.04415827989578247,0.8462740182876587,0.0019211664330214262
298,15.907252711026539,7.636891715351562,23.636891715351563,7.7296390043250245,1.5648797750473022,-0.001395940431393683,0.0014893840998411179,0.7260969877243042,0.13520260155200958,1.4036691188812256,0.0032144058495759964,0.8241389989852905,0.04415827989578247,0.8462740182876587,0.0019211664330214262
299,15.907252840545496,7.6368915502348536,23.636891550234854,7.7296387096893575,1.564873218536377,0.00024727266281843185,-0.00022793933749198914,0.7260969877243042,0.1352025866508484,1.4036691188812256,0.003214404685422778,0.8241389989852905,0.04415827989578247,0.8462738990783691,0.0019211623584851623
300,15.907252920781229,7.636891435460685,23.636891435460683,7.729638514679454,1.564873218536377,0.00024727266281843185,-0.00022793933749198914,0.7260969877243042,0.1352025866508484,1.4036691188812256,0.003214404685422778,0.8241389989852905,0.04415827989578247,0.8462738990783691,0.0019211623584851623
