iteration,L_upper,delta_L_delay_um,L_lower,Delta_L,objective,grad_L_upper,grad_delta_L_delay_um,channel1_transmission,channel1_crosstalk,channel1_insertion_loss_db,channel1_flatness_var,channel2_transmission,channel2_crosstalk,channel2_insertion_loss_db,channel2_flatness_var
0,26.0,15.0,41.0,15.0,149.38609313964844,78.79150390625,-36.2791748046875,0.10093671083450317,0.7462930679321289,14.81257152557373,0.015605941414833069,0.37132829427719116,0.49961981177330017,4.326460838317871,0.0015201043570414186
1,25.950000000006344,15.049999999986218,41.04999999998622,15.099999999979875,22.541362762451172,629.6983642578125,-719.9332885742188,0.42960524559020996,0.42375802993774414,4.803786754608154,0.06607144325971603,0.5849179625511169,0.2791750431060791,2.5023274421691895,0.02950340509414673
2,25.908923168057704,15.088845048449356,41.08884504844936,15.179921880391653,2.8136141300201416,41.42894744873047,-30.083356857299805,0.6626265645027161,0.2151835709810257,1.8251924514770508,0.006733960472047329,0.7757625579833984,0.09658869355916977,1.1213667392730713,0.0047094025649130344
3,25.875156376146187,15.12017874195651,41.12017874195651,15.245022365810321,4.589337348937988,-102.3323974609375,98.99259948730469,0.6104860901832581,0.24861972033977509,2.35731840133667,0.028795670717954636,0.8496694564819336,0.020530829206109047,0.7471030950546265,0.013015186414122581
4,25.852469271803088,15.1416530105617,41.1416530105617,15.28918373875861,15.052496910095215,-491.5973205566406,452.9091491699219,0.44217342138290405,0.40762075781822205,4.339285373687744,0.04101172462105751,0.8423413634300232,0.01599622704088688,0.7630909085273743,0.00572021771222353
5,25.853796498812482,15.142639956409694,41.142639956409695,15.288843457597213,14.84957218170166,-484.45526123046875,446.9866943359375,0.44302061200141907,0.4067440629005432,4.316081523895264,0.040570084005594254,0.8416090607643127,0.015942759811878204,0.7657715678215027,0.005353502929210663
6,25.86818840001149,15.131312945916225,41.13131294591622,15.26312454590473,7.057916164398193,-194.50241088867188,173.1725311279297,0.5480943322181702,0.3051770329475403,2.964566707611084,0.033857882022857666,0.8494732975959778,0.014247479848563671,0.7390424609184265,0.009903977625072002
7,25.88561421536837,15.117106133376348,41.117106133376346,15.231491918007976,3.521926164627075,-57.988441467285156,61.92434310913086,0.6424993276596069,0.2186291217803955,2.058946132659912,0.022334128618240356,0.8421449065208435,0.02886785753071308,0.7886775135993958,0.013658483512699604
8,25.90243978107004,15.103044231853515,41.10304423185352,15.200604450783477,2.589996099472046,4.258616924285889,14.091699600219727,0.6763463616371155,0.19422411918640137,1.7513400316238403,0.010817600414156914,0.8111144304275513,0.06198940798640251,0.944877028465271,0.010360166430473328
9,25.917268254585256,15.09021154099496,41.09021154099496,15.172943286409701,3.1721267700195312,56.87389373779297,-43.962364196777344,0.6527908444404602,0.22511397302150726,1.9031031131744385,0.008265122771263123,0.7636026740074158,0.10930999368429184,1.1964629888534546,0.0060840486548841
10,25.929050965609893,15.079854054990642,41.07985405499064,15.150803089380748,5.081947326660156,126.32474517822266,-132.80169677734375,0.6012450456619263,0.2775883972644806,2.34023118019104,0.016877243295311928,0.7151956558227539,0.157496377825737,1.489635705947876,0.007412638049572706
11,25.936388670022566,15.073886583601992,41.07388658360199,15.137497913579423,7.268579483032227,193.12326049804688,-217.4676055908203,0.5602450370788574,0.31608977913856506,2.7590954303741455,0.027238432317972183,0.6828942894935608,0.18936483561992645,1.7089911699295044,0.01106263231486082
12,25.93816745813565,15.073808722047772,41.07380872204777,15.135641263912124,7.639400959014893,204.10255432128906,-229.8651123046875,0.5543122887611389,0.3220587372779846,2.824720621109009,0.028671830892562866,0.6782086491584778,0.19411318004131317,1.7415231466293335,0.011477834545075893
13,25.934873013021775,15.079071131009526,41.07907113100953,15.144198117987752,6.016084671020508,155.3359375,-165.89955139160156,0.5823262333869934,0.2966187298297882,2.524994373321533,0.021174754947423935,0.6995240449905396,0.17336198687553406,1.593220829963684,0.008712015114724636
14,25.92825778026655,15.087579468415413,41.08757946841541,15.159321688148864,4.159303188323975,94.23723602294922,-85.63371276855469,0.6250496506690979,0.25423696637153625,2.1308846473693848,0.01250435970723629,0.7354594469070435,0.13783960044384003,1.3659425973892212,0.006989967543631792
15,25.920064969465848,15.097226806326457,41.09722680632646,15.177161836860613,3.0680367946624756,47.75853729248047,-28.18585968017578,0.6600691080093384,0.2149566411972046,1.8567264080047607,0.009077802300453186,0.7733981013298035,0.10016409307718277,1.1519546508789062,0.009057135321199894
16,25.91151074066446,15.10662025266005,41.10662025266005,15.19510951199559,2.709235429763794,14.692336082458496,4.4770026206970215,0.6749574542045593,0.19370190799236298,1.7610539197921753,0.010836775414645672,0.804280161857605,0.0689530000090599,0.9912686944007874,0.012815381400287151
17,25.903397584126544,15.115038139363147,41.11503813936315,15.211640555236606,2.826373815536499,-13.352273941040039,24.245023727416992,0.669352114200592,0.19351056218147278,1.8194525241851807,0.014865760691463947,0.8244644999504089,0.046864304691553116,0.8870452046394348,0.014731541275978088
18,25.896353704443626,15.122109014686991,41.12210901468699,15.225755310243365,3.247952938079834,-41.684120178222656,42.17351150512695,0.6499006152153015,0.20855610072612762,1.980432391166687,0.018849674612283707,0.835122287273407,0.03287152945995331,0.8274495005607605,0.013972111977636814
19,25.890976030080207,15.127526612804628,41.12752661280463,15.236550582724423,3.823061466217041,-69.80003356933594,61.99370574951172,0.6263441443443298,0.2291538417339325,2.1767678260803223,0.021804748103022575,0.839599609375,0.024915486574172974,0.7977777123451233,0.012046375311911106
20,25.88781669594496,15.130956841728372,41.13095684172837,15.24314014578341,4.316154479980469,-91.21880340576172,78.70561981201172,0.6085081100463867,0.24536581337451935,2.330336093902588,0.023488281294703484,0.8409447073936462,0.02113686501979828,0.785908043384552,0.010490302927792072
21,25.887216775981035,15.132164597294736,41.13216459729473,15.244947821313698,4.471269130706787,-97.73959350585938,83.9100570678711,0.603035032749176,0.2503342032432556,2.3775482177734375,0.023821797221899033,0.8409349322319031,0.020236114040017128,0.7842579483985901,0.009934949688613415
22,25.8891149509051,15.131213263731759,41.13121326373176,15.24209831282666,4.2202935218811035,-87.2802734375,75.0081787109375,0.6109893918037415,0.24280808866024017,2.3055763244628906,0.022874196991324425,0.8401006460189819,0.021669777110219002,0.7902017831802368,0.010427357628941536
23,25.893035325092264,15.128502429929824,41.128502429929824,15.23546710483756,3.7414276599884033,-66.10395812988281,57.922401428222656,0.628139078617096,0.22694413363933563,2.156851053237915,0.02096068300306797,0.8380527496337891,0.025560293346643448,0.8051649928092957,0.011755893938243389
24,25.89827981009091,15.124596267151412,41.12459626715141,15.226316457060502,3.2696521282196045,-42.307498931884766,40.30172348022461,0.647712230682373,0.20944654941558838,1.9938870668411255,0.018508238717913628,0.8339606523513794,0.032254982739686966,0.832200825214386,0.013446887023746967
25,25.904141205376682,15.12002669385111,41.12002669385111,15.215885488474427,2.938708543777466,-20.3951473236084,25.72284698486328,0.6637194752693176,0.19614754617214203,1.863810420036316,0.015905413776636124,0.8270235061645508,0.04189618304371834,0.8737021684646606,0.01479592639952898
26,25.91001084835363,15.115210057944504,41.1152100579445,15.205199209590873,2.7816314697265625,-1.2926177978515625,13.739002227783203,0.6727527976036072,0.19024591147899628,1.7886937856674194,0.013526024296879768,0.816960334777832,0.05419902130961418,0.9297466278076172,0.015204854309558868
27,25.91539262966472,15.110467986496898,41.1104679864969,15.19507535683218,2.781578302383423,15.652702331542969,2.347888469696045,0.6742624640464783,0.19204048812389374,1.7700046300888062,0.01170277688652277,0.8043656945228577,0.06829283386468887,0.9970723986625671,0.014547792263329029
28,25.91987801518825,15.10608614129799,41.10608614129799,15.186208126109744,2.9008665084838867,30.973224639892578,-9.777572631835938,0.6699485182762146,0.19952106475830078,1.7953499555587769,0.010627095587551594,0.7907768487930298,0.08269000053405762,1.0685862302780151,0.013202394358813763
29,25.92312696443849,15.102352133850822,41.10235213385082,15.17922516941233,3.081023693084717,44.164119720458984,-22.071664810180664,0.6628881692886353,0.209250807762146,1.843259572982788,0.010233470238745213,0.7783984541893005,0.0953964963555336,1.133695363998413,0.011737660504877567
30,25.924878784461065,15.09954080535714,41.09954080535714,15.174662020896072,3.242205858230591,53.63005828857422,-32.109901428222656,0.656549334526062,0.2174760103225708,1.8881195783615112,0.010195940732955933,0.7694835662841797,0.10437934845685959,1.180554986000061,0.01056217122823
31,25.924992571392753,15.097849199475599,41.0978491994756,15.172856628082844,3.3070871829986572,57.563594818115234,-36.979251861572266,0.6536235809326172,0.22140394151210785,1.9084562063217163,0.010105550289154053,0.7656418085098267,0.1081734374165535,1.1998282670974731,0.00980455707758665
32,25.9234903910071,15.097320946387388,41.097320946387384,15.173830555380285,3.241363525390625,55.22586441040039,-35.18269348144531,0.6551437377929688,0.22006972134113312,1.8954609632492065,0.009739839471876621,0.7673243880271912,0.10640023648738861,1.1885240077972412,0.00942819844931364
33,25.920566885718912,15.097813908252931,41.09781390825293,15.177247022534019,3.0755417346954346,47.645591735839844,-27.655912399291992,0.6602227091789246,0.21450909972190857,1.8564687967300415,0.009222164750099182,0.7737151384353638,0.09989917278289795,1.1513744592666626,0.009372883476316929
34,25.916548663307857,15.099037305189002,41.099037305189,15.182488641881143,2.8788280487060547,36.914634704589844,-16.865581512451172,0.666716456413269,0.20704713463783264,1.8089810609817505,0.008899119682610035,0.7831595540046692,0.09033595025539398,1.0981647968292236,0.009581060148775578
35,25.91182716553476,15.100629315133657,41.10062931513366,15.1888021495989,2.7155590057373047,25.031896591186523,-5.2161054611206055,0.6723542809486389,0.20017434656620026,1.7705038785934448,0.009081556461751461,0.7937703132629395,0.07959476858377457,1.0396193265914917,0.00994950532913208
36,25.906798802988725,15.102228633618266,41.10222863361827,15.195429830629543,2.6200742721557617,13.28948974609375,5.855234146118164,0.6756312251091003,0.19564750790596008,1.7516220808029175,0.009868675842881203,0.8039371371269226,0.06929194182157516,0.9843035936355591,0.010324071161448956
37,25.901828592304263,15.103515014538143,41.10351501453815,15.201686422233884,2.5949881076812744,2.4208719730377197,15.754206657409668,0.6762416958808899,0.19400429725646973,1.75356125831604,0.01112006139010191,0.812610924243927,0.06048369035124779,0.9373143315315247,0.010544990189373493
38,25.89723135183786,15.104223798173676,41.10422379817368,15.206992446335818,2.6195719242095947,-6.992504596710205,24.199304580688477,0.6749213933944702,0.19470269978046417,1.7698620557785034,0.012534837238490582,0.8192448019981384,0.05373009666800499,0.9009917378425598,0.010496553964912891
39,25.893257612045865,15.104150867816776,41.10415086781678,15.210893255770912,2.6596717834472656,-14.261472702026367,30.776521682739258,0.6729785203933716,0.1965625286102295,1.7897652387619019,0.013754530809819698,0.8236401677131653,0.049221236258745193,0.8759112358093262,0.010102687403559685
40,25.89007641486187,15.103161472916721,41.103161472916725,15.213085058054855,2.6795308589935303,-18.65201187133789,34.84835433959961,0.6716933250427246,0.19838523864746094,1.8025091886520386,0.014448339119553566,0.82575523853302,0.04696071147918701,0.8619147539138794,0.00930593442171812
41,25.88775737202704,15.101205307526612,41.10120530752661,15.213447935499573,2.6548898220062256,-19.690574645996094,35.744258880615234,0.6717872023582458,0.19944235682487488,1.801570177078247,0.014383540488779545,0.8256070017814636,0.04686684533953667,0.858669102191925,0.008073105476796627
42,25.886261775951706,15.098331658346636,41.09833165834664,15.212069882394932,2.583714723587036,-17.47196388244629,33.07815933227539,0.6731542944908142,0.19973595440387726,1.7871395349502563,0.01347030233591795,0.823279857635498,0.04882185533642769,0.8658004403114319,0.006453283131122589
43,25.88545210295838,15.094694970876358,41.09469497087636,15.209242867917983,2.4864542484283447,-12.596921920776367,26.888591766357422,0.6749644875526428,0.19983363151550293,1.7656748294830322,0.011801956221461296,0.8190143704414368,0.05262698605656624,0.8826504349708557,0.00464824540540576
44,25.885116981195377,15.090547255883756,41.090547255883756,15.205430274688378,2.3966622352600098,-6.006515026092529,17.78548240661621,0.6760945916175842,0.20044276118278503,1.7466212511062622,0.00965992920100689,0.8133060336112976,0.05789859965443611,0.9077305197715759,0.002997723640874028
45,25.885005576359696,15.086213533981901,41.086213533981905,15.20120795762221,2.3431906700134277,1.3531370162963867,6.832931995391846,0.6757478713989258,0.2019125074148178,1.737544059753418,0.0074524045921862125,0.8068641424179077,0.0640030950307846,0.9384363293647766,0.0018276646733283997
46,25.884860248411016,15.082054536411663,41.08205453641166,15.197194288000645,2.3373513221740723,8.549490928649902,-4.498651027679443,0.673866331577301,0.204041987657547,1.740761637687683,0.0055918279103934765,0.800540566444397,0.07004257291555405,0.9707835912704468,0.0012840572744607925
47,25.884447142557146,15.078418115362862,41.078418115362865,15.193970972805719,2.366931200027466,14.616037368774414,-14.525378227233887,0.6711848378181458,0.20620973408222198,1.7523281574249268,0.004312215838581324,0.7952390313148499,0.07501605898141861,0.9995487928390503,0.0012650113785639405
48,25.883586465946266,15.075585633930459,41.07558563393046,15.191999167984193,2.403831958770752,18.578062057495117,-21.618343353271484,0.6687787175178528,0.2077479511499405,1.764760971069336,0.0035783860366791487,0.7917583584785461,0.07809623330831528,1.0193740129470825,0.0015055693220347166
49,25.88218153963624,15.073722513660975,41.073722513660975,15.191540974024736,2.420029401779175,19.707008361816406,-24.66290855407715,0.6675081849098206,0.20826029777526855,1.7713193893432617,0.003200490027666092,0.7906407117843628,0.07881783694028854,1.0262168645858765,0.0017298570601269603
50,25.880237981977512,15.072848561864772,41.072848561864774,15.192610579887262,2.404574394226074,17.833276748657227,-23.444103240966797,0.6676004528999329,0.20781168341636658,1.7698301076889038,0.0030478169210255146,0.7919549345970154,0.07721780985593796,1.0191112756729126,0.0017803207738325
51,25.87786283280096,15.072840332520684,41.072840332520684,15.194977499719723,2.3677000999450684,13.417659759521484,-18.650724411010742,0.6686612367630005,0.20684893429279327,1.763144612312317,0.0031557828187942505,0.7952851057052612,0.07375719398260117,1.0003840923309326,0.0016496868338435888
52,25.87524223697822,15.073463815802429,41.07346381580243,15.198221578824207,2.331089973449707,7.349061012268066,-11.554438591003418,0.6699530482292175,0.20597721636295319,1.756820797920227,0.003644766751676798,0.7998560070991516,0.06918130069971085,0.9746813178062439,0.001423745765350759
53,25.872605756941258,15.074424733313215,41.074424733313215,15.201818976371957,2.3132965564727783,0.6423280239105225,-3.5733509063720703,0.6708217263221741,0.20564903318881989,1.7554404735565186,0.004552431870251894,0.8047755360603333,0.06432075053453445,0.9472691416740417,0.0012020907597616315
54,25.870188375983247,15.075420712131962,41.07542071213196,15.205232336148711,2.3196513652801514,-5.739610195159912,3.989023208618164,0.6709830164909363,0.2059769630432129,1.7602018117904663,0.005729973781853914,0.809249758720398,0.059909138828516006,0.9226269125938416,0.0010423348285257816
55,25.868196397304946,15.076186544430387,41.076186544430385,15.20799014712544,2.3416523933410645,-10.948105812072754,10.052825927734375,0.6705789566040039,0.2067221701145172,1.7686516046524048,0.006869858596473932,0.8126920461654663,0.05649712681770325,0.9038832783699036,0.0009568418608978391
56,25.866779213110373,15.07652922871082,41.07652922871082,15.209750015600445,2.363633632659912,-14.312344551086426,13.820898056030273,0.6700077652931213,0.20746009051799774,1.7764379978179932,0.007644741330295801,0.8147836327552795,0.05439489334821701,0.8926264643669128,0.0009336165385320783
57,25.866009017939792,15.076351146072273,41.07635114607227,15.210342128132478,2.3725428581237793,-15.433314323425293,14.84938907623291,0.6696178317070007,0.20783814787864685,1.7800025939941406,0.007829885929822922,0.8153969645500183,0.05371994525194168,0.889438807964325,0.0009600952616892755
58,25.865871573165528,15.07565933522903,41.075659335229034,15.209787762063506,2.3649251461029053,-14.31692886352539,13.166146278381348,0.6695182919502258,0.20773646235466003,1.7784150838851929,0.007393064443022013,0.8145989179611206,0.054399680346250534,0.8939419984817505,0.0010351862292736769
59,25.866272336412038,15.074557321942736,41.074557321942734,15.208284985530696,2.3473894596099854,-11.356328964233398,9.241606712341309,0.6695597767829895,0.20729200541973114,1.7734895944595337,0.006485078949481249,0.812596321105957,0.056220345199108124,0.9050692915916443,0.0011646946659311652
60,25.86705642411521,15.073221553770997,41.073221553771,15.20616512965579,2.3312911987304688,-7.226292610168457,3.8822996616363525,0.6694868803024292,0.20677123963832855,1.7683603763580322,0.00537502346560359,0.809740424156189,0.05882570520043373,0.9209877848625183,0.0013507799012586474
61,25.868037711072102,15.071867156173212,41.07186715617321,15.20382944510111,2.3251447677612305,-2.7116434574127197,-1.9423623085021973,0.6691400408744812,0.2064087688922882,1.765485167503357,0.004337014630436897,0.8065142035484314,0.06175855174660683,0.9390915632247925,0.0015782511327415705
62,25.869030202334827,15.070709844247125,41.070709844247126,15.2016796419123,2.3298959732055664,1.432182788848877,-7.2680463790893555,0.6685771942138672,0.2062806785106659,1.7653461694717407,0.003550914814695716,0.8034690022468567,0.06451912224292755,0.9562968015670776,0.001808889559470117
63,25.869876379490215,15.06993030195172,41.06993030195172,15.200053922461507,2.3396198749542236,4.563708305358887,-11.250115394592285,0.6680338978767395,0.2063094824552536,1.766627550125122,0.0030743111856281757,0.8011349439620972,0.06665075570344925,0.9695382714271545,0.001988678704947233
64,25.87046951557058,15.0696451501255,41.0696451501255,15.199175634554923,2.3463144302368164,6.235321998596191,-13.29345703125,0.6677619218826294,0.206365704536438,1.7675065994262695,0.00288210017606616,0.7999030947685242,0.06782066076993942,0.9764872789382935,0.0020663910545408726
65,25.87076721441862,15.069889090723088,41.06988909072309,15.199121876304467,2.344953775405884,6.2870025634765625,-13.181005477905273,0.6679133772850037,0.2063448429107666,1.7667418718338013,0.002929671900346875,0.7999157905578613,0.06790704280138016,0.9762645363807678,0.0020187804475426674
66,25.87079301018866,15.070612524561124,41.07061252456113,15.199819514372468,2.3363115787506104,4.864467620849609,-11.098714828491211,0.6684490442276001,0.20623864233493805,1.764506459236145,0.0031997819896787405,0.801071047782898,0.06698732823133469,0.9694709777832031,0.0018602422205731273
67,25.8706259890469,15.071694685762642,41.071694685762644,15.201068696715744,2.3256099224090576,2.394503593444824,-7.6083173751831055,0.6691962480545044,0.2061024010181427,1.76190984249115,0.0036823058035224676,0.8030256628990173,0.06533850729465485,0.9581398367881775,0.0016360572772100568
68,25.870380084053426,15.072970313818209,41.07297031381821,15.202590229764784,2.318373680114746,-0.5908458232879639,-3.416098117828369,0.6699384450912476,0.20601136982440948,1.7602134943008423,0.004338327795267105,0.8053297996520996,0.06334535032510757,0.9449095129966736,0.00140038609970361
69,25.870180587931024,15.074260118517305,41.0742601185173,15.204079530586277,2.3169641494750977,-3.492709159851074,0.6886650323867798,0.6705409288406372,0.20598424971103668,1.7598358392715454,0.005068921018391848,0.8075377345085144,0.06140587106347084,0.9323359727859497,0.0011959138792008162
70,25.870139532090906,15.07540250112004,41.07540250112004,15.205262969029132,2.319885015487671,-5.795289993286133,4.033252239227295,0.670964777469635,0.20599159598350525,1.7603400945663452,0.0057334573939442635,0.8092792630195618,0.05987505242228508,0.9224744439125061,0.0010443388018757105
71,25.870335999796907,15.076278649319866,41.07627864931987,15.20594264952296,2.323073387145996,-7.130047798156738,6.145009517669678,0.6712775230407715,0.20595312118530273,1.7605983018875122,0.006198063492774963,0.8103176951408386,0.05898476392030716,0.9165846705436707,0.0009476762497797608
72,25.870803669739335,15.076828092185153,41.07682809218515,15.206024422445818,2.3232123851776123,-7.327881336212158,6.807198524475098,0.6715484261512756,0.20582200586795807,1.7597402334213257,0.006384538020938635,0.8105559945106506,0.05884787067770958,0.9151458740234375,0.0008973918738774955
73,25.871527285311842,15.077053034421828,41.07705303442183,15.205525749109988,2.319760322570801,-6.420352935791016,6.054601669311523,0.6717849969863892,0.20561672747135162,1.7576894760131836,0.006289163138717413,0.8100136518478394,0.05945367366075516,0.9180155992507935,0.0008833716856315732
74,25.872447555349428,15.07701232013257,41.07701232013257,15.20456476478314,2.3144357204437256,-4.6375732421875,4.167500972747803,0.6719575524330139,0.20539714395999908,1.7550166845321655,0.005984136369079351,0.8088454604148865,0.0606597438454628,0.9243434071540833,0.0008975071832537651
75,25.873473885913228,15.07680590334678,41.07680590334678,15.203332017433553,2.310251474380493,-2.3613219261169434,1.6205902099609375,0.6720234155654907,0.20523512363433838,1.7525618076324463,0.005578044336289167,0.8072824478149414,0.06224370747804642,0.9328746795654297,0.0009322561672888696
76,25.874502526452805,15.076552481285121,41.07655248128512,15.202049954832315,2.308910846710205,0.0074269771575927734,-1.0753536224365234,0.671978771686554,0.20516721904277802,1.7508989572525024,0.005180079955607653,0.8056170344352722,0.06392382085323334,0.9420113563537598,0.0009775777580216527
77,25.87543426645672,15.076367195759738,41.07636719575974,15.200932929303018,2.3103418350219727,2.0629348754882812,-3.3931326866149902,0.6718717217445374,0.20518290996551514,1.7501140832901,0.004873715806752443,0.8041514158248901,0.06540735065937042,0.950077474117279,0.001020124414935708
78,25.876191135887,15.076340169071852,41.076340169071855,15.200149033184854,2.3125483989715576,3.490668773651123,-4.91551399230957,0.6718125939369202,0.2052067518234253,1.7496836185455322,0.004702571779489517,0.8031342625617981,0.06645731627941132,0.9556718468666077,0.001045072334818542
79,25.876728107352264,15.076521071426532,41.076521071426534,15.19979296407427,2.3136825561523438,4.125911235809326,-5.41678524017334,0.6718692183494568,0.20518840849399567,1.749204397201538,0.0046784477308392525,0.8027151226997375,0.06692855060100555,0.9579437971115112,0.0010433115530759096
80,25.87703761161953,15.076912755111444,41.076912755111444,15.199875143491912,2.312913179397583,3.940370559692383,-4.859817028045654,0.6720811724662781,0.20508508384227753,1.7483818531036377,0.0047955699265003204,0.8029165267944336,0.06679531931877136,0.9567670822143555,0.0010150906164199114
81,25.8771479026467,15.077473249052673,41.07747324905267,15.200325346405972,2.3109638690948486,3.0772781372070312,-3.4374563694000244,0.6724023222923279,0.20491646230220795,1.7474288940429688,0.005034321453422308,0.8036343455314636,0.06615307927131653,0.9527398347854614,0.0009706355049274862
82,25.877114139088057,15.078127341629886,41.07812734162989,15.20101320254183,2.3092775344848633,1.7813212871551514,-1.4804136753082275,0.6727590560913086,0.20472241938114166,1.7466561794281006,0.005357546266168356,0.8046754002571106,0.06518498808145523,0.9469621777534485,0.000924195977859199
83,25.877005701072918,15.078783203217327,41.07878320321733,15.20177750214441,2.308877468109131,0.3545958995819092,0.6086753606796265,0.6730777621269226,0.2045448124408722,1.7463043928146362,0.005714033264666796,0.805806040763855,0.06412012130022049,0.9407382607460022,0.0008869189769029617
84,25.876891901715247,15.07935091005912,41.07935091005912,15.202459008343872,2.3097927570343018,-0.9158785343170166,2.444582462310791,0.6733187437057495,0.2044094353914261,1.746322751045227,0.006039213389158249,0.806797444820404,0.06317909061908722,0.9353194832801819,0.0008641131571494043
85,25.876829380285447,15.079758903517787,41.079758903517785,15.202929523232338,2.3110568523406982,-1.7896294593811035,3.7222418785095215,0.6734725832939148,0.20431974530220032,1.7464765310287476,0.006274783052504063,0.8074803948402405,0.06252972036600113,0.9316092729568481,0.0008539223927073181
86,25.876852447602708,15.079965804373758,41.07996580437376,15.203113356771048,2.311861515045166,-2.131308078765869,4.264919757843018,0.6735460162162781,0.20427380502223969,1.7465221881866455,0.006381042767316103,0.8077569007873535,0.06227201968431473,0.9301185607910156,0.00085257034515962
87,25.87696879938999,15.079965785253568,41.07996578525357,15.202996985863582,2.3116402626037598,-1.9191715717315674,4.049074649810791,0.6735553741455078,0.20426177978515625,1.7463016510009766,0.006348987575620413,0.8076112866401672,0.06242327019572258,0.9309164881706238,0.0008561764261685312
88,25.877160618851914,15.079786835117078,41.079786835117076,15.202626216265163,2.310717821121216,-1.2377655506134033,3.1863481998443604,0.6735019683837891,0.2042866051197052,1.7459136247634888,0.0061998432502150536,0.8071048855781555,0.06292310357093811,0.933671772480011,0.0008642926113680005
89,25.87739037982453,15.079483188886584,41.079483188886584,15.202092809062055,2.309762716293335,-0.25369954109191895,1.893241047859192,0.6733903884887695,0.20434711873531342,1.745559573173523,0.005979355424642563,0.8063673377037048,0.06364446133375168,0.9376906156539917,0.0008772364817559719
90,25.877609940652526,15.079123658694307,41.07912365869431,15.201513718041781,2.3094186782836914,0.8135740756988525,0.4583538770675659,0.6732343435287476,0.2044374942779541,1.7454043626785278,0.005738914478570223,0.8055486083030701,0.06443972885608673,0.9421648383140564,0.0008944984874688089
91,25.87777138258761,15.078777596192323,41.078777596192324,15.201006213604714,2.309659481048584,1.7568873167037964,-0.8403881788253784,0.6730675101280212,0.2045360654592514,1.745467185974121,0.005527351051568985,0.8048175573348999,0.06514433771371841,0.9461735486984253,0.0009132421691901982
92,25.877836488922537,15.078502365413417,41.078502365413414,15.200665876490877,2.3101396560668945,2.387990951538086,-1.751945972442627,0.6729224324226379,0.20462356507778168,1.7456912994384766,0.005377724301069975,0.8043205142021179,0.06561783701181412,0.9489076733589172,0.0009281959501095116
93,25.877784664172204,15.07833294049483,41.07833294049483,15.200548276322628,2.3103668689727783,2.6148881912231445,-2.1475894451141357,0.6728346943855286,0.20467530190944672,1.7459232807159424,0.0053072525188326836,0.8041254878044128,0.06579063087701797,0.9499830603599548,0.0009353072964586318
94,25.877615804396164,15.07827783313847,41.07827783313847,15.200662028742308,2.310027837753296,2.4097869396209717,-1.988588809967041,0.6728143692016602,0.20468758046627045,1.7461060285568237,0.005317808128893375,0.8042605519294739,0.06564311683177948,0.9492408633232117,0.0009324104757979512
95,25.877349972492457,15.078319423997902,41.078319423997904,15.200969451505447,2.3093795776367188,1.8475276231765747,-1.3668267726898193,0.6728494763374329,0.2046685516834259,1.7462619543075562,0.005397976376116276,0.8046661019325256,0.0652279481291771,0.9470058083534241,0.0009207978146150708
96,25.877022286402045,15.078420273023843,41.078420273023845,15.2013979866218,2.308870792388916,1.0642240047454834,-0.46320968866348267,0.6729087829589844,0.204640194773674,1.7464876174926758,0.005524677690118551,0.8052375912666321,0.0646519660949707,0.943863034248352,0.0009047303465195
97,25.876675305151622,15.078533070109124,41.078533070109124,15.201857764957502,2.308640718460083,0.21866345405578613,0.5130749344825745,0.6729602813720703,0.20462165772914886,1.7468422651290894,0.0056667206808924675,0.8058491945266724,0.06403463333845139,0.9405011534690857,0.0008879267843440175
98,25.876350914461725,15.078611149005663,41.07861114900567,15.202260234543942,2.3087518215179443,-0.5191211700439453,1.345842719078064,0.6729856133460999,0.20462074875831604,1.7472721338272095,0.005788442213088274,0.8063732385635376,0.06350340694189072,0.937626838684082,0.0008744947263039649
99,25.876082281314147,15.078618541853272,41.078618541853274,15.202536260539127,2.308962821960449,-1.0221073627471924,1.870863676071167,0.6729789972305298,0.20463646948337555,1.7476788759231567,0.005862387362867594,0.8067237138748169,0.0631418526172638,0.9357077479362488,0.0008663207991048694
100,25.875888474117307,15.078536836596182,41.078536836596186,15.202648362478879,2.3089849948883057,-1.2217586040496826,1.9996634721755981,0.6729359030723572,0.20466828346252441,1.747996211051941,0.005869366694241762,0.8068453669548035,0.06300172209739685,0.9350427389144897,0.0008646397036500275
101,25.875772302180952,15.07836794219812,41.07836794219812,15.202595640017169,2.308859348297119,-1.119870901107788,1.7400022745132446,0.6728566288948059,0.20471563935279846,1.7482261657714844,0.005810378585010767,0.8067373037338257,0.06308571249246597,0.9356407523155212,0.0008701086626388133
102,25.875721720409025,15.078132077614615,41.07813207761461,15.202410357205586,2.308579206466675,-0.7680888175964355,1.1587523221969604,0.6727522015571594,0.2047700136899948,1.748358130455017,0.005697828251868486,0.8064497709274292,0.06334546953439713,0.9372279047966003,0.0008820183575153351
103,25.875713545817863,15.077863102429918,41.077863102429916,15.202149556612053,2.308338165283203,-0.269580602645874,0.3963642418384552,0.672633945941925,0.20482642948627472,1.7484514713287354,0.005558759439736605,0.8060584664344788,0.06370725482702255,0.9393907785415649,0.0008987222099676728
104,25.875719409190214,15.07760067369185,41.07760067369185,15.201881264501633,2.3083343505859375,0.23129582405090332,-0.3626730740070343,0.6725111603736877,0.20488396286964417,1.7485883235931396,0.005422129295766354,0.8056569695472717,0.0640769675374031,0.9416163563728333,0.0009173239814117551
105,25.875713280278863,15.077380875779374,41.077380875779376,15.201667595500513,2.308494806289673,0.6429111957550049,-0.9916724562644958,0.6724047064781189,0.2049333155155182,1.7487471103668213,0.005311564076691866,0.8053358197212219,0.06437121331691742,0.9434038996696472,0.0009339354583062232
106,25.87567579950617,15.077230379979968,41.077230379979966,15.201554580473797,2.3086211681365967,0.8538327217102051,-1.3486928939819336,0.6723292469978333,0.2049705982208252,1.7489147186279297,0.005244409199804068,0.8051534295082092,0.06453248113393784,0.9444239735603333,0.0009451982332393527
107,25.87559927427577,15.077160293470955,41.07716029347095,15.201561019195182,2.3086464405059814,0.8505525588989258,-1.408925175666809,0.6722950339317322,0.20498815178871155,1.7490543127059937,0.005227104295045137,0.8051455616950989,0.06452774256467819,0.9444775581359863,0.0009489916265010834
108,25.87548739275445,15.07716622502072,41.07716622502072,15.201678832266268,2.3085837364196777,0.6347813606262207,-1.1776859760284424,0.6722970604896545,0.204991415143013,1.7491867542266846,0.005257097072899342,0.8052994608879089,0.06437040120363235,0.9436339735984802,0.0009454783285036683
109,25.875354207973718,15.07722981423237,41.07722981423237,15.20187560625865,2.3084495067596436,0.2720654010772705,-0.7440548539161682,0.6723270416259766,0.20498289167881012,1.7493010759353638,0.005320919211953878,0.8055616021156311,0.06410986185073853,0.9421886801719666,0.0009366795420646667
110,25.875219980872448,15.077324284818895,41.07732428481889,15.202104303946445,2.3083765506744385,-0.15450191497802734,-0.21368563175201416,0.6723712682723999,0.20496916770935059,1.74941086769104,0.005402775015681982,0.805874228477478,0.06380236148834229,0.9404639005661011,0.0009253937751054764
111,25.87510646170314,15.077420382131468,41.077420382131464,15.202313920428324,2.3084208965301514,-0.5427789688110352,0.27643945813179016,0.6724111437797546,0.2049579918384552,1.7495299577713013,0.005480627063661814,0.8061602711677551,0.06352259963750839,0.9388850331306458,0.0009149460820481181
112,25.87503156698424,15.077493415963547,41.077493415963545,15.202461848979304,2.3085291385650635,-0.8154947757720947,0.625677764415741,0.6724411249160767,0.2049490064382553,1.7496150732040405,0.0055379620753228664,0.8063651323318481,0.06332254409790039,0.9377554655075073,0.0009073532419279218
113,25.87500574517959,15.077527927993657,41.07752792799366,15.202522182814068,2.308542490005493,-0.9316933155059814,0.7778475284576416,0.672455906867981,0.20494437217712402,1.7496416568756104,0.005563270766288042,0.8064490556716919,0.06324309855699539,0.937292218208313,0.0009041783632710576
114,25.875030491843006,15.0775197550085,41.0775197550085,15.202489263165496,2.308474063873291,-0.8670156002044678,0.7026349902153015,0.6724541783332825,0.20494331419467926,1.749594807624817,0.0055513521656394005,0.8064047694206238,0.06328673660755157,0.937535285949707,0.0009054096299223602
115,25.875097830373075,15.077476629300694,41.07747662930069,15.202378798927615,2.308483839035034,-0.6681437492370605,0.4577304720878601,0.6724353432655334,0.20494844019412994,1.7495275735855103,0.005512405186891556,0.8062543272972107,0.06343510001897812,0.9383637309074402,0.0009104444761760533
116,25.875193522521393,15.077414250785994,41.07741425078599,15.2022207282646,2.3083996772766113,-0.3749055862426758,0.09673524647951126,0.6724116206169128,0.20495213568210602,1.7494035959243774,0.005455355625599623,0.8060450553894043,0.06364188343286514,0.9395164847373962,0.0009175528539344668
117,25.875299658783145,15.077352889236934,41.077352889236934,15.202053230453789,2.3083999156951904,-0.06222391128540039,-0.2847827970981598,0.6723842024803162,0.2049613893032074,1.74929940700531,0.0053973086178302765,0.8058174252510071,0.06386671215295792,0.940770149230957,0.0009251075680367649
118,25.875398884435093,15.0773120971569,41.0773120971569,15.201913212721806,2.3084046840667725,0.19739270210266113,-0.5905799865722656,0.672368049621582,0.2049625664949417,1.749186396598816,0.005352500826120377,0.8056294322013855,0.06405340880155563,0.941804826259613,0.0009309579618275166
119,25.875478164078324,15.077305805541116,41.077305805541116,15.201827641462792,2.3084359169006348,0.35458993911743164,-0.7605268955230713,0.6723663210868835,0.20496006309986115,1.7490874528884888,0.005329876206815243,0.805517852306366,0.06416841596364975,0.9424167275428772,0.0009336186340078712
120,25.8755310247365,15.077339680461021,41.07733968046102,15.201808655724523,2.3084590435028076,0.3831446170806885,-0.7581315636634827,0.6723809838294983,0.20495332777500153,1.749014139175415,0.005334567744284868,0.8055046796798706,0.06418870389461517,0.9424842596054077,0.0009322998812422156
121,25.87555839655224,15.07740991447445,41.07740991447445,15.201851517922211,2.308349847793579,0.3027169704437256,-0.6119898557662964,0.6724199056625366,0.20493173599243164,1.748900294303894,0.0053634196519851685,0.8055749535560608,0.0641283318400383,0.9420900344848633,0.0009274864569306374
122,25.875566940615997,15.077505518147724,41.077505518147724,15.201938577531728,2.3083319664001465,0.13441896438598633,-0.349060595035553,0.672463595867157,0.20491203665733337,1.7488449811935425,0.005410805810242891,0.8057076334953308,0.06400777399539948,0.9413504600524902,0.0009202105575241148
123,25.875567439639873,15.077610333136892,41.07761033313689,15.202042893497016,2.3083348274230957,-0.06064486503601074,-0.05102088302373886,0.6725120544433594,0.20488981902599335,1.7487901449203491,0.005464605521410704,0.8058656454086304,0.0638635978102684,0.9404731392860413,0.0009123653871938586
124,25.875571163980684,15.077707774206628,41.07770777420663,15.202136610225946,2.3083131313323975,-0.24368071556091309,0.2280605584383011,0.6725581288337708,0.20486748218536377,1.7487283945083618,0.005513708107173443,0.8060038685798645,0.0637357085943222,0.9397057294845581,0.0009055929258465767
125,25.87558773910046,15.077783722764597,41.07778372276459,15.202195983664133,2.308328628540039,-0.351790189743042,0.40945491194725037,0.6725953817367554,0.20484980940818787,1.7486587762832642,0.0055493819527328014,0.8060992360115051,0.06365080922842026,0.9391760230064392,0.0009006676846183836
126,25.875621870097497,15.077830507618593,41.07783050761859,15.202208637521096,2.3083691596984863,-0.3777141571044922,0.47841042280197144,0.6726154088973999,0.20483934879302979,1.748605489730835,0.005565352272242308,0.8061268925666809,0.06363020092248917,0.9390196800231934,0.0008983964798972011
127,25.87567336542989,15.07784714334202,41.07784714334202,15.20217377791213,2.3083691596984863,-0.3177027702331543,0.4325712025165558,0.6726226806640625,0.20483431220054626,1.748537302017212,0.0055612847208976746,0.8060864806175232,0.06367460638284683,0.9392390251159668,0.0008987163309939206
128,25.87573734526522,15.077838890403267,41.07783889040327,15.20210154513805,2.3083322048187256,-0.18237042427062988,0.28439396619796753,0.6726242303848267,0.20482967793941498,1.7484277486801147,0.00554089667275548,0.8059921860694885,0.06377070397138596,0.9397553205490112,0.000900822808034718
129,25.875805219052445,15.07781605774482,41.07781605774482,15.202010838692374,2.3083248138427734,-0.01718926429748535,0.09281006455421448,0.6726152300834656,0.2048313319683075,1.7483474016189575,0.005512556992471218,0.805874228477478,0.06388995796442032,0.9404042363166809,0.0009043364552780986
130,25.87586750885736,15.077790385640904,41.0777903856409,15.201922876783541,2.308347463607788,0.1463792324066162,-0.10017615556716919,0.672605574131012,0.20483209192752838,1.7482717037200928,0.00548390531912446,0.8057575821876526,0.06400570273399353,0.9410455822944641,0.0009078542934730649
131,25.875915664037514,15.077772646191924,41.077772646191924,15.20185698215441,2.3083322048187256,0.2678260803222656,-0.24210815131664276,0.6725974678993225,0.20483502745628357,1.7482213973999023,0.005462816916406155,0.8056687116622925,0.06409577280282974,0.941534698009491,0.0009104079799726605
132,25.875944234595185,15.077769865443512,41.077769865443514,15.20182563084833,2.3083667755126953,0.32263970375061035,-0.30136096477508545,0.6725940704345703,0.20483596622943878,1.74820077419281,0.005454042460769415,0.8056297302246094,0.06413619965314865,0.9417484402656555,0.0009113829582929611
133,25.875951975168913,15.0777839116059,41.0777839116059,15.201831936436985,2.3083436489105225,0.3122105598449707,-0.2784075438976288,0.6726022362709045,0.20483173429965973,1.7481740713119507,0.005459490232169628,0.8056401610374451,0.06412734091281891,0.941689670085907,0.0009106342913582921
134,25.87594140706847,15.07781196287212,41.07781196287212,15.201870555803648,2.308324098587036,0.23965048789978027,-0.17717118561267853,0.6726171374320984,0.20482417941093445,1.7481597661972046,0.005476619582623243,0.8056945204734802,0.06407604366540909,0.941389262676239,0.0009084707126021385
135,25.87591832336774,15.077847122515402,41.0778471225154,15.201928799147662,2.3082962036132812,0.1297609806060791,-0.030821429565548897,0.6726317405700684,0.20481804013252258,1.748179316520691,0.005500050727277994,0.8057779669761658,0.06399503350257874,0.9409292936325073,0.0009054607944563031
136,25.875890108522253,15.077880605158125,41.07788060515813,15.201990496635876,2.3083696365356445,0.016855478286743164,0.11612606793642044,0.6726450324058533,0.20481325685977936,1.7482112646102905,0.005524501670151949,0.8058604001998901,0.06391342729330063,0.9404741525650024,0.0009024425526149571
137,25.875863656006015,15.07790437518882,41.07790437518882,15.202040719182808,2.3083136081695557,-0.07358765602111816,0.23181100189685822,0.6726564764976501,0.20480863749980927,1.7482279539108276,0.005543357692658901,0.8059334754943848,0.06384371966123581,0.9400721788406372,0.0009000911959446967
138,25.875843960997493,15.077912860466054,41.07791286046606,15.202068899468564,2.3083178997039795,-0.13185381889343262,0.3006710410118103,0.672663152217865,0.20480532944202423,1.748232126235962,0.005553048569709063,0.8059697151184082,0.06380671262741089,0.9398725628852844,0.0008989386260509491
139,25.875833730681187,15.077903611288328,41.07790361128833,15.20206988060714,2.308365821838379,-0.13115286827087402,0.29036417603492737,0.67265385389328,0.2048116773366928,1.748280644416809,0.005550542380660772,0.8059694170951843,0.06380505859851837,0.9398746490478516,0.0008992246584966779
140,25.875832040558542,15.07787885649805,41.077878856498046,15.202046815939504,2.3083155155181885,-0.08752059936523438,0.2230140119791031,0.6726452112197876,0.20481465756893158,1.748275637626648,0.005537960212677717,0.8059349060058594,0.06383690983057022,0.9400661587715149,0.0009008394554257393
141,25.875835572870454,15.07784384904066,41.07784384904066,15.202008276170208,2.3083391189575195,-0.013842582702636719,0.11418121308088303,0.6726274490356445,0.20482467114925385,1.748300313949585,0.0055191656574606895,0.8058776259422302,0.06389138847589493,0.9403830766677856,0.0009033336536958814
142,25.875839567247034,15.077805725026144,41.077805725026145,15.201966157779111,2.308336019515991,0.06393146514892578,-0.001431069802492857,0.6726102828979492,0.20483164489269257,1.748311996459961,0.005498635582625866,0.8058149218559265,0.06394939869642258,0.9407297968864441,0.0009059940348379314
143,25.875839452084758,15.077771365737206,41.077771365737206,15.201931913652448,2.308335781097412,0.1284627914428711,-0.09905362129211426,0.6725944876670837,0.20483924448490143,1.7483304738998413,0.005481079686433077,0.805763840675354,0.06399673223495483,0.9410127997398376,0.0009083310142159462
144,25.875831837750553,15.077746005777083,41.07774600577709,15.201914168026534,2.3083105087280273,0.1632246971130371,-0.15913933515548706,0.6725835204124451,0.20484502613544464,1.7483463287353516,0.0054695517756044865,0.8057356476783752,0.06402093917131424,0.9411697387695312,0.0009098798036575317
145,25.87581538122584,15.077732255128947,41.07773225512895,15.201916873903109,2.308326244354248,0.1597132682800293,-0.16779360175132751,0.6725759506225586,0.20484913885593414,1.7483803033828735,0.0054664514027535915,0.8057340383529663,0.06402017176151276,0.9411799311637878,0.0009103232878260314
146,25.87579110883432,15.077729525824836,41.077729525824836,15.201938416990515,2.3083086013793945,0.12331843376159668,-0.13342176377773285,0.6725741028785706,0.20485064387321472,1.7484108209609985,0.005470230244100094,0.8057597279548645,0.06399289518594742,0.9410399794578552,0.000910004077013582
147,25.875761893522576,15.077734795433093,41.077734795433095,15.20197290191052,2.3082735538482666,0.058071136474609375,-0.060271576046943665,0.6725788116455078,0.2048492431640625,1.7484313249588013,0.005480688065290451,0.8058064579963684,0.06394541263580322,0.9407835602760315,0.0009086835198104382
148,25.875732058335114,15.07774306236018,41.07774306236018,15.202011004025064,2.308314323425293,-0.014007568359375,0.022834721952676773,0.6725804209709167,0.2048507034778595,1.7484790086746216,0.0054925838485360146,0.8058566451072693,0.0638950988650322,0.9405074715614319,0.0009073215769603848
149,25.87570594328398,15.077749196120026,41.077749196120024,15.202043252836045,2.3083181381225586,-0.06949424743652344,0.08526799082756042,0.6725808382034302,0.20485185086727142,1.7485209703445435,0.005501829087734222,0.8058985471725464,0.06385365128517151,0.9402777552604675,0.000906276167370379
150,25.875686507942444,15.07774973905123,41.07774973905123,15.202063231108784,2.3083035945892334,-0.10625481605529785,0.12401532381772995,0.6725830435752869,0.20485088229179382,1.748533010482788,0.005507173482328653,0.8059225082397461,0.06382787227630615,0.9401463270187378,0.000905737339053303
151,25.87567532599828,15.077742935122846,41.07774293512284,15.202067609124562,2.3082876205444336,-0.11689043045043945,0.1285552829504013,0.672579824924469,0.20485293865203857,1.7485514879226685,0.005506669636815786,0.8059295415878296,0.0638195127248764,0.9401082396507263,0.0009057489805854857
152,25.87567226180668,15.077729201477716,41.077729201477716,15.202056939671035,2.308335065841675,-0.09632086753845215,0.09420488774776459,0.6725683808326721,0.20485994219779968,1.7485939264297485,0.005500013940036297,0.8059087991714478,0.063837930560112,0.9402233362197876,0.0009067638893611729
153,25.87567531217152,15.077711217056873,41.07771121705687,15.202035904885353,2.3083109855651855,-0.05719947814941406,0.03742989897727966,0.6725635528564453,0.20486021041870117,1.7485778331756592,0.005490272305905819,0.8058810830116272,0.06386377662420273,0.9403769373893738,0.0009080481831915677
154,25.87568153424668,15.077692749082244,41.077692749082246,15.202011214835565,2.30832576751709,-0.013245105743408203,-0.024122029542922974,0.6725539565086365,0.20486488938331604,1.748587965965271,0.005479405168443918,0.8058428764343262,0.06389961391687393,0.9405884742736816,0.0009096182766370475
155,25.875687959354337,15.077677508700353,41.077677508700354,15.201989549346017,2.308289051055908,0.03130817413330078,-0.0850098505616188,0.6725487112998962,0.20486699044704437,1.7485733032226562,0.005469389259815216,0.8058152794837952,0.06392708420753479,0.9407414793968201,0.0009107415680773556
156,25.875691851089762,15.077668833380558,41.07766883338056,15.201976982290795,2.3083083629608154,0.05709648132324219,-0.11941482126712799,0.6725440621376038,0.20486927032470703,1.7485761642456055,0.005463820416480303,0.8057950139045715,0.06394629925489426,0.9408532381057739,0.0009115805150941014
157,25.875691868683745,15.07766817154075,41.07766817154075,15.201976302857005,2.3083207607269287,0.05897998809814453,-0.12264370918273926,0.6725431084632874,0.20487035810947418,1.7485800981521606,0.005463315639644861,0.8057926297187805,0.06394753605127335,0.9408661723136902,0.0009116688743233681
158,25.875688259715993,15.077674966053392,41.077674966053394,15.2019867063374,2.3083040714263916,0.036809682846069336,-0.0933687761425972,0.6725475192070007,0.20486800372600555,1.7485743761062622,0.005468130577355623,0.8058091402053833,0.06393200159072876,0.9407749176025391,0.0009110178216360509
159,25.875682730525522,15.077686748942524,41.077686748942526,15.202004018417004,2.308324098587036,0.0036666393280029297,-0.04816771298646927,0.6725518107414246,0.2048666775226593,1.7485841512680054,0.005475766025483608,0.8058339357376099,0.06390921771526337,0.9406381249427795,0.0009099975577555597
160,25.875677510461458,15.077700312644323,41.077700312644325,15.202022802182867,2.308321237564087,-0.03226041793823242,0.002018214203417301,0.6725576519966125,0.20486395061016083,1.7485865354537964,0.00548413023352623,0.805862307548523,0.06388209760189056,0.9404812455177307,0.0009088705410249531
161,25.8756747995078,15.077712438319884,41.077712438319885,15.202037638812087,2.3082871437072754,-0.059133052825927734,0.04057261347770691,0.6725655198097229,0.20485930144786835,1.7485675811767578,0.005490782670676708,0.8058834075927734,0.06386186182498932,0.9403643012046814,0.0009079701849259436
162,25.875676035216987,15.077720909302519,41.07772090930252,15.202044874085534,2.3082780838012695,-0.07445430755615234,0.06364931166172028,0.6725676655769348,0.20485882461071014,1.7485722303390503,0.005494588520377874,0.8058927655220032,0.06385313719511032,0.9403125047683716,0.0009074449189938605
163,25.875681804774807,15.077724657016853,41.07772465701685,15.202042852242045,2.3083136081695557,-0.07178378105163574,0.06482651084661484,0.6725702881813049,0.2048574984073639,1.748557448387146,0.005495166871696711,0.8058894276618958,0.06385641545057297,0.9403298497200012,0.0009072963148355484
164,25.875691516304343,15.077724054174503,41.0777240541745,15.20203253787016,2.3083138465881348,-0.04837155342102051,0.0405166819691658,0.6725703477859497,0.20485709607601166,1.7485473155975342,0.00549316918477416,0.8058796525001526,0.06386648863554001,0.9403833746910095,0.0009075450361706316
165,25.875703329021327,15.077721009724145,41.077721009724144,15.202017680702816,2.3082852363586426,-0.0202634334564209,0.007483588065952063,0.672566831111908,0.20485880970954895,1.7485485076904297,0.005488583352416754,0.8058596253395081,0.06388739496469498,0.9404934644699097,0.0009080263553187251
166,25.875715274512913,15.07771779742729,41.07771779742729,15.202002522914377,2.308316946029663,0.006757497787475586,-0.022608302533626556,0.6725665926933289,0.20485779643058777,1.748526930809021,0.005483908113092184,0.8058396577835083,0.06390737742185593,0.9406031370162964,0.0009087232174351811
167,25.87572563259875,15.077716301126603,41.0777163011266,15.201990668527849,2.3082900047302246,0.024785280227661133,-0.0427098385989666,0.6725686192512512,0.20485615730285645,1.7484958171844482,0.005480256397277117,0.8058239817619324,0.06392368674278259,0.9406891465187073,0.0009091325919143856
168,25.87573341036246,15.077717611415379,41.07771761141538,15.20198420105292,2.3083202838897705,0.03807330131530762,-0.054986622184515,0.6725695729255676,0.2048545628786087,1.7484817504882812,0.00547866290435195,0.805813193321228,0.06393448263406754,0.9407486319541931,0.000909341499209404
169,25.875738006074105,15.077722231872775,41.07772223187278,15.201984225798672,2.3083231449127197,0.03856301307678223,-0.05180409923195839,0.6725692749023438,0.2048553228378296,1.7484912872314453,0.005480251275002956,0.8058165907859802,0.06393231451511383,0.9407286643981934,0.0009089034865610301
170,25.875739689505696,15.077729652483754,41.077729652483754,15.201989962978057,2.3083317279815674,0.02794170379638672,-0.03458044305443764,0.6725717782974243,0.204854354262352,1.7484896183013916,0.005483293440192938,0.8058249354362488,0.06392518430948257,0.9406824111938477,0.0009085414931178093
171,25.87573941693359,15.077738527977,41.077738527977004,15.201999111043413,2.308302402496338,0.009324073791503906,-0.006125470623373985,0.6725783944129944,0.20485086739063263,1.7484686374664307,0.005487858317792416,0.8058400750160217,0.06391165405511856,0.9405987858772278,0.0009078788571059704
172,25.87573857078541,15.077746927909452,41.07774692790945,15.202008357124043,2.3083178997039795,-0.00759124755859375,0.01848444528877735,0.6725807189941406,0.20485064387321472,1.748478651046753,0.005492947064340115,0.8058547377586365,0.06389757245779037,0.9405177235603333,0.0009071328095160425
173,25.87573829692629,15.077753341424543,41.07775334142454,15.20201504449825,2.30832839012146,-0.019129276275634766,0.03601422905921936,0.6725834012031555,0.20484879612922668,1.7484761476516724,0.0054961261339485645,0.8058624267578125,0.06389052420854568,0.9404745101928711,0.0009067220380529761
174,25.875739288522926,15.07775684437056,41.07775684437056,15.202017555847636,2.308330774307251,-0.025034427642822266,0.04591820761561394,0.6725855469703674,0.20484735071659088,1.7484705448150635,0.005497870035469532,0.805866539478302,0.0638873502612114,0.940451979637146,0.0009066431084647775
175,25.87574181009435,15.077757081365002,41.077757081365,15.20201527127065,2.3083279132843018,-0.020220279693603516,0.04101456701755524,0.672585666179657,0.20484726130962372,1.7484668493270874,0.005497212987393141,0.8058637976646423,0.06389021128416061,0.9404677152633667,0.0009067488135769963
176,25.87574540425204,15.077754674094512,41.077754674094514,15.202009269842474,2.30830717086792,-0.007582187652587891,0.026081889867782593,0.6725844740867615,0.20484767854213715,1.7484627962112427,0.005494830198585987,0.8058575987815857,0.06389646977186203,0.9405011534690857,0.0009069073130376637
177,25.87574914463902,15.077750828800074,41.07775082880008,15.202001684161058,2.308333158493042,0.006404399871826172,0.007998164743185043,0.672581672668457,0.2048492431640625,1.7484664916992188,0.005491785705089569,0.805844783782959,0.06390868127346039,0.9405719637870789,0.0009073733235709369
178,25.875752101420392,15.077746843057499,41.0777468430575,15.201994741637105,2.3083057403564453,0.01988840103149414,-0.010640469379723072,0.6725800633430481,0.20485080778598785,1.7484652996063232,0.005489368457347155,0.8058372139930725,0.06391557306051254,0.9406130909919739,0.00090751115931198
179,25.875753462610863,15.077743931230906,41.077743931230906,15.201990468620043,2.308311939239502,0.0279080867767334,-0.020625023171305656,0.6725793480873108,0.2048502266407013,1.7484596967697144,0.005487327929586172,0.8058313727378845,0.0639219805598259,0.9406462907791138,0.0009078775183297694
180,25.875752850300476,15.077742637007798,41.0777426370078,15.201989786707326,2.3082997798919678,0.02893972396850586,-0.02243412658572197,0.6725801229476929,0.2048504650592804,1.7484558820724487,0.005487504880875349,0.8058311343193054,0.06392139941453934,0.9406466484069824,0.0009077933500520885
181,25.875750382587487,15.077742924530426,41.077742924530426,15.20199254194294,2.308319091796875,0.020377397537231445,-0.013406478799879551,0.6725800633430481,0.20485053956508636,1.7484596967697144,0.005488180555403233,0.8058330416679382,0.0639195442199707,0.9406365156173706,0.0009078874136321247
182,25.8757468024897,15.077744056715549,41.077744056715545,15.201997254225844,2.3083066940307617,0.012612581253051758,-0.0035024750977754593,0.6725792288780212,0.20485058426856995,1.7484703063964844,0.005489335395395756,0.8058416247367859,0.06391116231679916,0.9405897855758667,0.0009076415444724262
183,25.875742731114492,15.077745307403195,41.07774530740319,15.202002576288699,2.3083057403564453,0.002742290496826172,0.006768569350242615,0.6725804209709167,0.20484986901283264,1.7484705448150635,0.00549094146117568,0.8058480620384216,0.06390487402677536,0.9405544400215149,0.0009075045236386359
184,25.875738872833125,15.077745993172442,41.07774599317244,15.202007120339317,2.308297872543335,-0.0054416656494140625,0.01563560776412487,0.6725819706916809,0.20484939217567444,1.7484675645828247,0.005492411088198423,0.8058525323867798,0.06389953196048737,0.9405292868614197,0.0009072379325516522
185,25.87573575447039,15.07774558532274,41.07774558532274,15.202009830852347,2.308321714401245,-0.007752895355224609,0.017743675038218498,0.6725813150405884,0.20485030114650726,1.7484740018844604,0.005492860917001963,0.8058546781539917,0.06389766931533813,0.9405186772346497,0.0009073253604583442
186,25.87573346036622,15.077744048400874,41.077744048400874,15.202010588034653,2.3083035945892334,-0.012034893035888672,0.02202417142689228,0.6725793480873108,0.20485076308250427,1.748484492301941,0.005492272321134806,0.8058564066886902,0.06389600038528442,0.9405088424682617,0.0009073807741515338
187,25.87573220029799,15.077741206103587,41.07774120610359,15.2020090058056,2.3083035945892334,-0.010385274887084961,0.01713825762271881,0.6725776791572571,0.20485202968120575,1.7484912872314453,0.005491380114108324,0.8058546781539917,0.06389700621366501,0.9405189752578735,0.0009074530680663884
188,25.87573176454369,15.077737505012239,41.07773750501224,15.202005740468547,2.30828857421875,-0.002725362777709961,0.005975990556180477,0.6725758910179138,0.20485278964042664,1.7484921216964722,0.005489266011863947,0.8058484792709351,0.06390280276536942,0.9405532479286194,0.0009077401482500136
189,25.87573155588377,15.077733767215067,41.077733767215065,15.202002211331294,2.308332681655884,0.0034401416778564453,-0.004103164188563824,0.6725736260414124,0.20485436916351318,1.748501181602478,0.005488010589033365,0.8058441281318665,0.06390664726495743,0.9405773878097534,0.0009079435840249062
190,25.87573113377572,15.077730666886572,41.07773066688657,15.201999533110854,2.3083202838897705,0.007988929748535156,-0.011384284123778343,0.6725730299949646,0.20485509932041168,1.748498558998108,0.005486635956913233,0.8058408498764038,0.06390931457281113,0.9405953288078308,0.000908150221221149
191,25.87573020833945,15.077728629408613,41.07772862940861,15.20199842106916,2.3083198070526123,0.012766122817993164,-0.01956256665289402,0.6725730299949646,0.20485429465770721,1.7484914064407349,0.005485289264470339,0.8058342933654785,0.06391514092683792,0.9406313300132751,0.0009084221674129367
192,25.875728500547993,15.077728101638053,41.07772810163805,15.201999601090058,2.3083176612854004,0.007970571517944336,-0.01455950178205967,0.6725730895996094,0.20485450327396393,1.7484943866729736,0.005485957954078913,0.8058379292488098,0.06391201168298721,0.9406121373176575,0.0009083538898266852
193,25.8757264128307,15.077728603962688,41.07772860396269,15.202002191131989,2.3082995414733887,0.003664731979370117,-0.01020473800599575,0.6725741028785706,0.2048533707857132,1.7484902143478394,0.0054864888079464436,0.8058412671089172,0.06390838325023651,0.940593421459198,0.0009082808392122388
194,25.87572427663851,15.077729745247181,41.07772974524718,15.202005468608672,2.308319568634033,-0.0011134147644042969,-0.0033529815264046192,0.6725717186927795,0.2048555165529251,1.748511552810669,0.005487677175551653,0.8058484792709351,0.06390167772769928,0.9405542016029358,0.0009080142481252551
195,25.875722425367414,15.077731001979267,41.07773100197927,15.202008576611853,2.308318614959717,-0.00667119026184082,0.0038255825638771057,0.672572910785675,0.2048555165529251,1.7485085725784302,0.005488630384206772,0.8058510422706604,0.0638989806175232,0.940539538860321,0.0009079301380552351
196,25.875721215671394,15.077731876883599,41.0777318768836,15.202010661212203,2.3083224296569824,-0.013074159622192383,0.011389309540390968,0.6725735664367676,0.20485444366931915,1.748509407043457,0.005489726085215807,0.8058542013168335,0.06389535963535309,0.9405221343040466,0.0009078314760699868
197,25.87572103017732,15.07773189223639,41.077731892236386,15.202010862059065,2.3083224296569824,-0.013074159622192383,0.011389309540390968,0.6725735664367676,0.20485444366931915,1.748509407043457,0.005489726085215807,0.8058542013168335,0.06389535963535309,0.9405221343040466,0.0009078314760699868
198,25.875721771586466,15.077731129658059,41.07773112965806,15.202009358071596,2.3083176612854004,-0.011587858200073242,0.008965231478214264,0.672572910785675,0.2048555165529251,1.7485085725784302,0.005488630384206772,0.8058510422706604,0.0638989806175232,0.940539538860321,0.0009079301380552351
199,25.875723248454108,15.077729828549332,41.07772982854933,15.202006580095222,2.3083412647247314,-0.004736185073852539,0.0006098956800997257,0.6725717186927795,0.2048555165529251,1.748511552810669,0.005487677175551653,0.8058484792709351,0.06390167772769928,0.9405542016029358,0.0009080142481252551
200,25.875724912369556,15.077728612500524,41.07772861250052,15.202003700130966,2.3082969188690186,0.0017366409301757812,-0.008277480490505695,0.6725737452507019,0.20485377311706543,1.748494267463684,0.005486867856234312,0.8058440089225769,0.06390554457902908,0.9405781626701355,0.0009081667521968484
201,25.87572629229665,15.077728084034298,41.0777280840343,15.202001791737647,2.3082995414733887,0.003664731979370117,-0.01020473800599575,0.6725741028785706,0.2048533707857132,1.7484902143478394,0.0054864888079464436,0.8058412671089172,0.06390838325023651,0.940593421459198,0.0009082808392122388
202,25.875727280066585,15.077728310508093,41.07772831050809,15.202001030441508,2.3082995414733887,0.003664731979370117,-0.01020473800599575,0.6725730895996094,0.20485450327396393,1.7484943866729736,0.005485957954078913,0.8058379292488098,0.06391201168298721,0.9406121373176575,0.0009083538898266852
203,25.87572791321229,15.07772922021087,41.07772922021087,15.202001306998579,2.3083417415618896,0.0074994564056396484,-0.013194127008318901,0.6725705862045288,0.20485608279705048,1.7485111951828003,0.005486073438078165,0.8058395981788635,0.06391002982854843,0.9406024217605591,0.0009082602337002754
204,25.875727954624445,15.077730955586444,41.077730955586446,15.202003000962002,2.3083198070526123,0.0031828880310058594,-0.006382361985743046,0.672572910785675,0.20485520362854004,1.7485020160675049,0.005487289745360613,0.8058441877365112,0.06390617787837982,0.9405770897865295,0.0009080795571208
205,25.875727766460308,15.077732965178834,41.07773296517883,15.202005198718524,2.308344602584839,-6.532669067382812e-05,-0.0015766052529215813,0.6725723147392273,0.2048555165529251,1.7485103607177734,0.005488231312483549,0.8058459162712097,0.06390423327684402,0.9405671954154968,0.0009079648880288005
206,25.87572760129758,15.07773488854448,41.077734888544484,15.202007287246904,2.3082985877990723,-0.00782632827758789,0.008132361806929111,0.6725755929946899,0.20485343039035797,1.7484934329986572,0.0054892441257834435,0.8058480024337769,0.06390219181776047,0.9405553936958313,0.0009077726281248033
207,25.875728009804348,15.077736056037232,41.07773605603723,15.202008046232883,2.3083245754241943,-0.004774808883666992,0.0058383941650390625,0.6725745797157288,0.20485378801822662,1.748501181602478,0.005489446688443422,0.8058501482009888,0.06390039622783661,0.9405438303947449,0.0009077716385945678
208,25.87572871951185,15.07773670058865,41.07773670058865,15.2020079810768,2.3083245754241943,-0.006985187530517578,0.009344521909952164,0.6725751757621765,0.2048535794019699,1.7485010623931885,0.00549017870798707,0.8058527112007141,0.06389845162630081,0.9405301809310913,0.0009076996939256787
209,25.875729860233807,15.077736625870722,41.07773662587072,15.202006765636913,2.308323860168457,-0.0021741390228271484,0.004334934521466494,0.6725751757621765,0.20485346019268036,1.7484976053237915,0.005489509552717209,0.8058493733406067,0.06390159577131271,0.9405485987663269,0.0009077705326490104
210,25.875731045729587,15.077736253154864,41.07773625315487,15.20200520742528,2.308326244354248,3.075599670410156e-05,0.0008564074523746967,0.6725745797157288,0.20485363900661469,1.748498558998108,0.005488779861479998,0.8058468103408813,0.06390353292226791,0.9405622482299805,0.0009078425937332213
211,25.875732113275607,15.077735856353462,41.07773585635346,15.202003743077857,2.308314561843872,0.0013124942779541016,-0.0005444907583296299,0.6725752949714661,0.20485292375087738,1.7484924793243408,0.005488541908562183,0.8058458566665649,0.06390474736690521,0.9405673146247864,0.0009078061557374895
212,25.875732981842575,15.077735536842605,41.0777355368426,15.202002555000028,2.308314561843872,0.0013124942779541016,-0.0005444907583296299,0.6725763082504272,0.20485259592533112,1.748484492301941,0.005488337017595768,0.8058438301086426,0.06390653550624847,0.9405784606933594,0.0009078189032152295
213,25.875733670601562,15.077735287179951,41.07773528717995,15.202001616578386,2.308300495147705,0.006953239440917969,-0.00717902323231101,0.672576904296875,0.204851895570755,1.7484781742095947,0.005487788934260607,0.8058410286903381,0.0639093890786171,0.9405937194824219,0.0009079311857931316
214,25.87573378752675,15.077735572808795,41.07773557280879,15.20200178528204,2.3083078861236572,0.005722761154174805,-0.005125620402395725,0.672576904296875,0.204851895570755,1.7484781742095947,0.005487788934260607,0.8058410286903381,0.0639093890786171,0.9405937194824219,0.0009079311857931316
215,25.875733476674558,15.077736196263102,41.0777361962631,15.202002719588545,2.3083078861236572,0.005722761154174805,-0.005125620402395725,0.6725758910179138,0.20485225319862366,1.7484859228134155,0.0054879868403077126,0.80584317445755,0.06390757858753204,0.9405823349952698,0.0009079189039766788
216,25.875732778751978,15.077737125487301,41.0777371254873,15.202004346735325,2.3083133697509766,-0.0009012222290039062,0.002951697912067175,0.6725758910179138,0.20485278964042664,1.7484921216964722,0.005489266011863947,0.8058484792709351,0.06390280276536942,0.9405532479286194,0.0009077401482500136
217,25.875732214912716,15.077737752244365,41.07773775224437,15.202005537331651,2.30828857421875,-0.002725362777709961,0.005975990556180477,0.6725778579711914,0.20485176146030426,1.7484813928604126,0.005489720962941647,0.8058503270149231,0.06390086561441422,0.9405426383018494,0.000907637644559145
218,25.875731905974444,15.077737888075012,41.07773788807501,15.20200598210057,2.30828857421875,-0.002725362777709961,0.005975990556180477,0.6725778579711914,0.20485176146030426,1.7484813928604126,0.005489720962941647,0.8058503270149231,0.06390086561441422,0.9405426383018494,0.000907637644559145
219,25.87573182754727,15.077737579842847,41.07773757984285,15.202005752295577,2.30828857421875,-0.002725362777709961,0.005975990556180477,0.6725778579711914,0.20485176146030426,1.7484813928604126,0.005489720962941647,0.8058503270149231,0.06390086561441422,0.9405426383018494,0.000907637644559145
220,25.875731957618925,15.077736869843207,41.07773686984321,15.202004912224282,2.3083133697509766,-0.0009012222290039062,0.002951697912067175,0.6725758910179138,0.20485278964042664,1.7484921216964722,0.005489266011863947,0.8058484792709351,0.06390280276536942,0.9405532479286194,0.0009077401482500136
221,25.87573214155983,15.077736015367327,41.07773601536733,15.202003873807499,2.308314561843872,0.0013124942779541016,-0.0005444907583296299,0.6725752949714661,0.20485292375087738,1.7484924793243408,0.005488541908562183,0.8058458566665649,0.06390474736690521,0.9405673146247864,0.0009078061557374895
222,25.875732210315395,15.077735283950604,41.0777352839506,15.202003073635208,2.3083066940307617,0.0025746822357177734,-0.0026094624772667885,0.6725763082504272,0.20485259592533112,1.748484492301941,0.005488337017595768,0.8058438301086426,0.06390653550624847,0.9405784606933594,0.0009078189032152295
223,25.875732081181194,15.07773481403905,41.07773481403905,15.202002732857853,2.3083066940307617,0.0025746822357177734,-0.0026094624772667885,0.6725763082504272,0.20485259592533112,1.748484492301941,0.005488337017595768,0.8058438301086426,0.06390653550624847,0.9405784606933594,0.0009078189032152295
224,25.87573177302252,15.077734580552054,41.077734580552054,15.202002807529535,2.3083066940307617,0.0025746822357177734,-0.0026094624772667885,0.6725736260414124,0.20485436916351318,1.748500943183899,0.005488018039613962,0.8058440089225769,0.06390665471553802,0.940577507019043,0.0009079371811822057
225,25.875731302864665,15.077734560855413,41.07773456085541,15.202003257990746,2.3083181381225586,0.001298666000366211,-0.0011973823420703411,0.6725736260414124,0.20485436916351318,1.748500943183899,0.005488018039613962,0.8058440089225769,0.06390665471553802,0.940577507019043,0.0009079371811822057
226,25.875730781525593,15.077734630928232,41.077734630928234,15.20200384940264,2.3083181381225586,0.001298666000366211,-0.0011973823420703411,0.6725755929946899,0.20485329627990723,1.7484904527664185,0.005488574039191008,0.8058447241783142,0.06390532851219177,0.9405736923217773,0.0009078520233742893
227,25.875730213773814,15.077734782210289,41.077734782210285,15.202004568436472,2.3083181381225586,0.001298666000366211,-0.0011973823420703411,0.6725755929946899,0.20485329627990723,1.7484904527664185,0.005488574039191008,0.8058447241783142,0.06390532851219177,0.9405736923217773,0.0009078520233742893
228,25.87572960391275,15.077735006976546,41.077735006976546,15.202005403063797,2.3083181381225586,0.001298666000366211,-0.0011973823420703411,0.6725755929946899,0.20485329627990723,1.7484904527664185,0.005488574039191008,0.8058447241783142,0.06390532851219177,0.9405736923217773,0.0009078520233742893
229,25.875728955826084,15.077735298255716,41.07773529825572,15.202006342429634,2.308316946029663,-0.003509521484375,0.0037498469464480877,0.6725755929946899,0.20485343039035797,1.7484934329986572,0.0054892441257834435,0.8058480024337769,0.06390219181776047,0.9405553936958313,0.0009077726281248033
230,25.875728636244723,15.077735283234128,41.07773528323413,15.202006646989403,2.308316946029663,-0.003509521484375,0.0037498469464480877,0.6725755929946899,0.20485343039035797,1.7484934329986572,0.0054892441257834435,0.8058480024337769,0.06390219181776047,0.9405553936958313,0.0009077726281248033
231,25.875728613687375,15.077734991193381,41.07773499119338,15.202006377506006,2.308316946029663,-0.003509521484375,0.0037498469464480877,0.6725755929946899,0.20485343039035797,1.7484934329986572,0.0054892441257834435,0.8058480024337769,0.06390219181776047,0.9405553936958313,0.0009077726281248033
232,25.87572885974575,15.077734448556889,41.07773444855689,15.20200558881114,2.308342456817627,-0.00263214111328125,0.0022519677877426147,0.6725729703903198,0.20485521852970123,1.7485095262527466,0.005488905590027571,0.8058484196662903,0.06390230357646942,0.940554141998291,0.0009079011506401002
233,25.875729282021773,15.077733790949702,41.0777337909497,15.202004508927928,2.308342456817627,-0.00263214111328125,0.0022519677877426147,0.6725729703903198,0.2048550546169281,1.7485065460205078,0.00548824667930603,0.8058449625968933,0.06390544027090073,0.9405727386474609,0.0009079778683371842
234,25.87572986375443,15.077733029220605,41.0777330292206,15.202003165466174,2.308345317840576,0.004746198654174805,-0.006580975838005543,0.6725723147392273,0.20485542714595795,1.7485071420669556,0.005487559828907251,0.8058425188064575,0.06390737742185593,0.9405861496925354,0.0009080375893972814
235,25.87573002567716,15.077732835495372,41.07773283549537,15.202002809818207,2.308345317840576,0.004746198654174805,-0.006580975838005543,0.6725723147392273,0.20485542714595795,1.7485071420669556,0.005487559828907251,0.8058425188064575,0.06390737742185593,0.9405861496925354,0.0009080375893972814
236,25.87572980799893,15.077733155376894,41.07773315537689,15.20200334737796,2.308345317840576,0.004746198654174805,-0.006580975838005543,0.6725723147392273,0.20485542714595795,1.7485071420669556,0.005487559828907251,0.8058425188064575,0.06390737742185593,0.9405861496925354,0.0009080375893972814
237,25.875729247001818,15.077733939780568,41.07773393978057,15.202004692778754,2.308342456817627,-0.00263214111328125,0.0022519677877426147,0.6725729703903198,0.2048550546169281,1.7485065460205078,0.00548824667930603,0.8058449625968933,0.06390544027090073,0.9405727386474609,0.0009079778683371842
238,25.87572894359872,15.07773447734539,41.07773447734539,15.202005533746668,2.308316946029663,-0.003509521484375,0.0037498469464480877,0.6725730299949646,0.20485518872737885,1.7485095262527466,0.005488927010446787,0.805848240852356,0.06390230357646942,0.9405543208122253,0.0009078957373276353
239,25.87572894078256,15.077734678435831,41.07773467843583,15.20200573765327,2.308316946029663,-0.003509521484375,0.0037498469464480877,0.6725755929946899,0.20485343039035797,1.7484934329986572,0.0054892441257834435,0.8058480024337769,0.06390219181776047,0.9405553936958313,0.0009077726281248033
240,25.875729209769666,15.077734575316075,41.07773457531607,15.202005365546405,2.308316946029663,-0.003509521484375,0.0037498469464480877,0.6725729703903198,0.2048550546169281,1.7485064268112183,0.005488253198564053,0.8058449029922485,0.06390544027090073,0.9405728578567505,0.0009079716983251274
241,25.875729724588496,15.077734197098058,41.07773419709806,15.202004472509564,2.3083434104919434,0.0021746158599853516,-0.0026949229650199413,0.6725729703903198,0.2048550546169281,1.7485065460205078,0.00548824667930603,0.8058449625968933,0.06390544027090073,0.9405727386474609,0.0009079778683371842
242,25.875730019971535,15.077734061346963,41.07773406134696,15.202004041375424,2.3083434104919434,0.0021746158599853516,-0.0026949229650199413,0.6725729703903198,0.2048550546169281,1.7485065460205078,0.00548824667930603,0.8058449625968933,0.06390544027090073,0.9405727386474609,0.0009079778683371842
243,25.875730117006317,15.077734144803912,41.07773414480391,15.202004027797596,2.3083434104919434,0.0021746158599853516,-0.0026949229650199413,0.6725729703903198,0.2048550546169281,1.7485065460205078,0.00548824667930603,0.8058449625968933,0.06390544027090073,0.9405727386474609,0.0009079778683371842
244,25.87573003471947,15.077734426483094,41.07773442648309,15.20200439176362,2.3083434104919434,0.0021746158599853516,-0.0026949229650199413,0.6725729703903198,0.2048550546169281,1.7485065460205078,0.00548824667930603,0.8058449625968933,0.06390544027090073,0.9405727386474609,0.0009079778683371842
245,25.87572979027801,15.077734887449745,41.07773488744974,15.202005097171732,2.3083181381225586,0.001298666000366211,-0.0011973823420703411,0.6725755929946899,0.20485329627990723,1.7484904527664185,0.005488574039191008,0.8058447241783142,0.06390532851219177,0.9405736923217773,0.0009078520233742893
246,25.87572946789133,15.07773539539979,41.07773539539979,15.202005927508463,2.308316946029663,-0.003509521484375,0.0037498469464480877,0.6725755929946899,0.20485329627990723,1.7484904527664185,0.005488574039191008,0.8058447241783142,0.06390532851219177,0.9405736923217773,0.0009078520233742893
247,25.875729453039703,15.077735564429915,41.077735564429915,15.202006111390212,2.3083245754241943,-0.004774808883666992,0.0058383941650390625,0.6725755929946899,0.20485329627990723,1.7484904527664185,0.005488574039191008,0.8058447241783142,0.06390532851219177,0.9405736923217773,0.0009078520233742893
248,25.875729815953484,15.077735265643943,41.077735265643945,15.20200544969046,2.3083181381225586,0.001298666000366211,-0.0011973823420703411,0.6725755929946899,0.20485329627990723,1.7484904527664185,0.005488574039191008,0.8058447241783142,0.06390532851219177,0.9405736923217773,0.0009078520233742893
249,25.875730040736073,15.077735088883252,41.07773508888325,15.202005048147178,2.3083181381225586,0.001298666000366211,-0.0011973823420703411,0.6725755929946899,0.20485329627990723,1.7484904527664185,0.005488574039191008,0.8058447241783142,0.06390532851219177,0.9405736923217773,0.0009078520233742893
250,25.875730140683558,15.077735022406747,41.07773502240675,15.202004881723191,2.3083181381225586,0.001298666000366211,-0.0011973823420703411,0.6725755929946899,0.20485329627990723,1.7484904527664185,0.005488574039191008,0.8058447241783142,0.06390532851219177,0.9405736923217773,0.0009078520233742893
251,25.875730127791744,15.077735055621536,41.07773505562154,15.202004927829794,2.3083181381225586,0.001298666000366211,-0.0011973823420703411,0.6725755929946899,0.20485329627990723,1.7484904527664185,0.005488574039191008,0.8058447241783142,0.06390532851219177,0.9405736923217773,0.0009078520233742893
252,25.87573001288325,15.077735178970713,41.07773517897071,15.202005166087464,2.3083181381225586,0.001298666000366211,-0.0011973823420703411,0.6725755929946899,0.20485329627990723,1.7484904527664185,0.005488574039191008,0.8058447241783142,0.06390532851219177,0.9405736923217773,0.0009078520233742893
253,25.875729805722163,15.07773538383209,41.07773538383209,15.20200557810993,2.3083181381225586,0.001298666000366211,-0.0011973823420703411,0.6725755929946899,0.20485329627990723,1.7484904527664185,0.005488574039191008,0.8058447241783142,0.06390532851219177,0.9405736923217773,0.0009078520233742893
254,25.875729515117527,15.077735662426834,41.07773566242683,15.202006147309305,2.3083245754241943,-0.004774808883666992,0.0058383941650390625,0.6725745797157288,0.20485363900661469,1.748498558998108,0.005488779861479998,0.8058468103408813,0.06390353292226791,0.9405622482299805,0.0009078425937332213
255,25.875729635272055,15.077735455300497,41.0777354553005,15.202005820028443,2.308326244354248,3.075599670410156e-05,0.0008564074523746967,0.6725755929946899,0.20485329627990723,1.7484904527664185,0.005488574039191008,0.8058447241783142,0.06390532851219177,0.9405736923217773,0.0009078520233742893
256,25.87572974118336,15.077735201080054,41.07773520108005,15.202005459896693,2.3083181381225586,0.001298666000366211,-0.0011973823420703411,0.6725755929946899,0.20485329627990723,1.7484904527664185,0.005488574039191008,0.8058447241783142,0.06390532851219177,0.9405736923217773,0.0009078520233742893
257,25.875729732279066,15.077735066208945,41.077735066208945,15.202005333929879,2.3083181381225586,0.001298666000366211,-0.0011973823420703411,0.6725755929946899,0.20485329627990723,1.7484904527664185,0.005488574039191008,0.8058447241783142,0.06390532851219177,0.9405736923217773,0.0009078520233742893
258,25.87572961958188,15.07773503919904,41.07773503919904,15.202005419617162,2.3083181381225586,0.001298666000366211,-0.0011973823420703411,0.6725755929946899,0.20485329627990723,1.7484904527664185,0.005488574039191008,0.8058447241783142,0.06390532851219177,0.9405736923217773,0.0009078520233742893
259,25.875729413035856,15.077735109686433,41.07773510968643,15.202005696650573,2.308316946029663,-0.003509521484375,0.0037498469464480877,0.6725755929946899,0.20485329627990723,1.7484904527664185,0.005488574039191008,0.8058447241783142,0.06390532851219177,0.9405736923217773,0.0009078520233742893
260,25.875729510828705,15.077734875572206,41.077734875572204,15.2020053647435,2.308316946029663,-0.003509521484375,0.0037498469464480877,0.6725755929946899,0.20485329627990723,1.7484904527664185,0.005488574039191008,0.8058447241783142,0.06390532851219177,0.9405736923217773,0.0009078520233742893
261,25.87572988374587,15.077734366067887,41.07773436606789,15.202004482322018,2.3083434104919434,0.0021746158599853516,-0.0026949229650199413,0.6725729703903198,0.2048550546169281,1.7485065460205078,0.00548824667930603,0.8058449625968933,0.06390544027090073,0.9405727386474609,0.0009079778683371842
262,25.875730043300987,15.077734121393672,41.077734121393675,15.202004078092688,2.3083434104919434,0.0021746158599853516,-0.0026949229650199413,0.6725729703903198,0.2048550546169281,1.7485065460205078,0.00548824667930603,0.8058449625968933,0.06390544027090073,0.9405727386474609,0.0009079778683371842
263,25.875730010028146,15.077734116052547,41.07773411605255,15.2020041060244,2.3083434104919434,0.0021746158599853516,-0.0026949229650199413,0.6725729703903198,0.2048550546169281,1.7485065460205078,0.00548824667930603,0.8058449625968933,0.06390544027090073,0.9405727386474609,0.0009079778683371842
264,25.875729802451197,15.077734327043613,41.077734327043615,15.202004524592418,2.3083434104919434,0.0021746158599853516,-0.0026949229650199413,0.6725729703903198,0.2048550546169281,1.7485065460205078,0.00548824667930603,0.8058449625968933,0.06390544027090073,0.9405727386474609,0.0009079778683371842
265,25.875729437280437,15.077734733617845,41.077734733617845,15.202005296337408,2.308316946029663,-0.003509521484375,0.0037498469464480877,0.6725755929946899,0.20485329627990723,1.7484904527664185,0.005488574039191008,0.8058447241783142,0.06390532851219177,0.9405736923217773,0.0009078520233742893
266,25.87572939572238,15.077734798740991,41.07773479874099,15.20200540301861,2.308316946029663,-0.003509521484375,0.0037498469464480877,0.6725755929946899,0.20485329627990723,1.7484904527664185,0.005488574039191008,0.8058447241783142,0.06390532851219177,0.9405736923217773,0.0009078520233742893
267,25.875729646657064,15.077734555252762,41.07773455525276,15.202004908595697,2.3083181381225586,0.001298666000366211,-0.0011973823420703411,0.6725729703903198,0.2048550546169281,1.7485064268112183,0.005488253198564053,0.8058449029922485,0.06390544027090073,0.9405728578567505,0.0009079716983251274
268,25.875729766026282,15.077734432356618,41.07773443235662,15.202004666330339,2.3083434104919434,0.0021746158599853516,-0.0026949229650199413,0.6725729703903198,0.2048550546169281,1.7485065460205078,0.00548824667930603,0.8058449625968933,0.06390544027090073,0.9405727386474609,0.0009079778683371842
269,25.875729694212392,15.0777345396422,41.0777345396422,15.202004845429808,2.3083181381225586,0.001298666000366211,-0.0011973823420703411,0.6725729703903198,0.2048550546169281,1.7485064268112183,0.005488253198564053,0.8058449029922485,0.06390544027090073,0.9405728578567505,0.0009079716983251274
270,25.87572952203483,15.077734733525377,41.077734733525375,15.202005211490544,2.308316946029663,-0.003509521484375,0.0037498469464480877,0.6725755929946899,0.20485329627990723,1.7484904527664185,0.005488574039191008,0.8058447241783142,0.06390532851219177,0.9405736923217773,0.0009078520233742893
271,25.875729657621,15.077734603590423,41.07773460359042,15.20200494596942,2.3083181381225586,0.001298666000366211,-0.0011973823420703411,0.6725729703903198,0.2048550546169281,1.7485064268112183,0.005488253198564053,0.8058449029922485,0.06390544027090073,0.9405728578567505,0.0009079716983251274
272,25.875729672043892,15.077734583934355,41.07773458393436,15.202004911890466,2.3083181381225586,0.001298666000366211,-0.0011973823420703411,0.6725729703903198,0.2048550546169281,1.7485064268112183,0.005488253198564053,0.8058449029922485,0.06390544027090073,0.9405728578567505,0.0009079716983251274
273,25.87572957696382,15.077734663943025,41.077734663943026,15.202005086979206,2.3083181381225586,0.001298666000366211,-0.0011973823420703411,0.6725755929946899,0.20485329627990723,1.7484904527664185,0.005488574039191008,0.8058447241783142,0.06390532851219177,0.9405736923217773,0.0009078520233742893
274,25.875729382898733,15.077734834042165,41.07773483404216,15.202005451143428,2.308316946029663,-0.003509521484375,0.0037498469464480877,0.6725755929946899,0.20485329627990723,1.7484904527664185,0.005488574039191008,0.8058447241783142,0.06390532851219177,0.9405736923217773,0.0009078520233742893
275,25.87572950119466,15.077734680089739,41.07773468008974,15.202005178895082,2.308316946029663,-0.003509521484375,0.0037498469464480877,0.6725755929946899,0.20485329627990723,1.7484904527664185,0.005488574039191008,0.8058447241783142,0.06390532851219177,0.9405736923217773,0.0009078520233742893
276,25.875729901810708,15.077734233244774,41.077734233244776,15.202004331434068,2.3083434104919434,0.0021746158599853516,-0.0026949229650199413,0.6725729703903198,0.2048550546169281,1.7485065460205078,0.00548824667930603,0.8058449625968933,0.06390544027090073,0.9405727386474609,0.0009079778683371842
277,25.875730080607084,15.077734052061528,41.07773405206153,15.202003971454445,2.3083434104919434,0.0021746158599853516,-0.0026949229650199413,0.6725729703903198,0.2048550546169281,1.7485065460205078,0.00548824667930603,0.8058449625968933,0.06390544027090073,0.9405727386474609,0.0009079778683371842
278,25.875730058974053,15.077734110928493,41.07773411092849,15.202004051954436,2.3083434104919434,0.0021746158599853516,-0.0026949229650199413,0.6725729703903198,0.2048550546169281,1.7485065460205078,0.00548824667930603,0.8058449625968933,0.06390544027090073,0.9405727386474609,0.0009079778683371842
279,25.875729856205485,15.077734386744265,41.07773438674427,15.202004530538783,2.3083434104919434,0.0021746158599853516,-0.0026949229650199413,0.6725729703903198,0.2048550546169281,1.7485065460205078,0.00548824667930603,0.8058449625968933,0.06390544027090073,0.9405727386474609,0.0009079778683371842
280,25.87572948970422,15.077734858671645,41.07773485867165,15.202005368967427,2.308316946029663,-0.003509521484375,0.0037498469464480877,0.6725755929946899,0.20485329627990723,1.7484904527664185,0.005488574039191008,0.8058447241783142,0.06390532851219177,0.9405736923217773,0.0009078520233742893
281,25.875729456145283,15.077734973091419,41.07773497309142,15.202005516946134,2.308316946029663,-0.003509521484375,0.0037498469464480877,0.6725755929946899,0.20485329627990723,1.7484904527664185,0.005488574039191008,0.8058447241783142,0.06390532851219177,0.9405736923217773,0.0009078520233742893
282,25.875729723453695,15.077734764460386,41.07773476446039,15.202005041006693,2.3083181381225586,0.001298666000366211,-0.0011973823420703411,0.6725755929946899,0.20485329627990723,1.7484904527664185,0.005488574039191008,0.8058447241783142,0.06390532851219177,0.9405736923217773,0.0009078520233742893
283,25.875729854182445,15.077734676081525,41.077734676081526,15.20200482189908,2.3083181381225586,0.001298666000366211,-0.0011973823420703411,0.6725755929946899,0.20485329627990723,1.7484904527664185,0.005488574039191008,0.8058447241783142,0.06390532851219177,0.9405736923217773,0.0009078520233742893
284,25.875729861515033,15.077734696352532,41.077734696352536,15.202004834837503,2.3083181381225586,0.001298666000366211,-0.0011973823420703411,0.6725755929946899,0.20485329627990723,1.7484904527664185,0.005488574039191008,0.8058447241783142,0.06390532851219177,0.9405736923217773,0.0009078520233742893
285,25.875729757342352,15.077734814808679,41.07773481480868,15.202005057466327,2.3083181381225586,0.001298666000366211,-0.0011973823420703411,0.6725755929946899,0.20485329627990723,1.7484904527664185,0.005488574039191008,0.8058447241783142,0.06390532851219177,0.9405736923217773,0.0009078520233742893
286,25.875729552389362,15.077735022011318,41.07773502201132,15.202005469621955,2.308316946029663,-0.003509521484375,0.0037498469464480877,0.6725755929946899,0.20485329627990723,1.7484904527664185,0.005488574039191008,0.8058447241783142,0.06390532851219177,0.9405736923217773,0.0009078520233742893
287,25.87572966815407,15.077734893884948,41.07773489388495,15.202005225730883,2.3083181381225586,0.001298666000366211,-0.0011973823420703411,0.6725755929946899,0.20485329627990723,1.7484904527664185,0.005488574039191008,0.8058447241783142,0.06390532851219177,0.9405736923217773,0.0009078520233742893
288,25.875729661096525,15.077734879120632,41.077734879120634,15.202005218024109,2.3083181381225586,0.001298666000366211,-0.0011973823420703411,0.6725755929946899,0.20485329627990723,1.7484904527664185,0.005488574039191008,0.8058447241783142,0.06390532851219177,0.9405736923217773,0.0009078520233742893
289,25.875729543054955,15.077734966787908,41.07773496678791,15.202005423732952,2.308316946029663,-0.003509521484375,0.0037498469464480877,0.6725755929946899,0.20485329627990723,1.7484904527664185,0.005488574039191008,0.8058447241783142,0.06390532851219177,0.9405736923217773,0.0009078520233742893
290,25.875729739003695,15.077734728971054,41.07773472897105,15.202004989967357,2.3083181381225586,0.001298666000366211,-0.0011973823420703411,0.6725755929946899,0.20485329627990723,1.7484904527664185,0.005488574039191008,0.8058447241783142,0.06390532851219177,0.9405736923217773,0.0009078520233742893
291,25.87572980358605,15.077734615894615,41.07773461589461,15.202004812308562,2.3083181381225586,0.001298666000366211,-0.0011973823420703411,0.6725755929946899,0.20485329627990723,1.7484904527664185,0.005488574039191008,0.8058447241783142,0.06390532851219177,0.9405736923217773,0.0009078520233742893
292,25.875729749481646,15.077734615508724,41.077734615508724,15.202004866027078,2.3083181381225586,0.001298666000366211,-0.0011973823420703411,0.6725755929946899,0.20485329627990723,1.7484904527664185,0.005488574039191008,0.8058447241783142,0.06390532851219177,0.9405736923217773,0.0009078520233742893
293,25.87572958812627,15.077734716945587,41.077734716945585,15.202005128819316,2.3083181381225586,0.001298666000366211,-0.0011973823420703411,0.6725755929946899,0.20485329627990723,1.7484904527664185,0.005488574039191008,0.8058447241783142,0.06390532851219177,0.9405736923217773,0.0009078520233742893
294,25.875729329833835,15.077734910403562,41.077734910403564,15.202005580569729,2.308316946029663,-0.003509521484375,0.0037498469464480877,0.6725755929946899,0.20485329627990723,1.7484904527664185,0.005488574039191008,0.8058447241783142,0.06390532851219177,0.9405736923217773,0.0009078520233742893
295,25.875729402308238,15.077734764843413,41.07773476484341,15.202005362535175,2.308316946029663,-0.003509521484375,0.0037498469464480877,0.6725755929946899,0.20485329627990723,1.7484904527664185,0.005488574039191008,0.8058447241783142,0.06390532851219177,0.9405736923217773,0.0009078520233742893
296,25.87572977365399,15.077734312942956,41.07773431294296,15.202004539288968,2.3083434104919434,0.0021746158599853516,-0.0026949229650199413,0.6725729703903198,0.2048550546169281,1.7485065460205078,0.00548824667930603,0.8058449625968933,0.06390544027090073,0.9405727386474609,0.0009079778683371842
297,25.87572991854498,15.077734136324802,41.0777341363248,15.20200421777982,2.3083434104919434,0.0021746158599853516,-0.0026949229650199413,0.6725729703903198,0.2048550546169281,1.7485065460205078,0.00548824667930603,0.8058449625968933,0.06390544027090073,0.9405727386474609,0.0009079778683371842
298,25.87572985885886,15.077734208394004,41.077734208394006,15.202004349535144,2.3083434104919434,0.0021746158599853516,-0.0026949229650199413,0.6725729703903198,0.2048550546169281,1.7485065460205078,0.00548824667930603,0.8058449625968933,0.06390544027090073,0.9405727386474609,0.0009079778683371842
299,25.875729614326357,15.077734505165477,41.07773450516548,15.202004890839124,2.3083181381225586,0.001298666000366211,-0.0011973823420703411,0.6725729703903198,0.2048550546169281,1.7485064268112183,0.005488253198564053,0.8058449029922485,0.06390544027090073,0.9405728578567505,0.0009079716983251274
300,25.87572927971001,15.077734875959278,41.07773487595928,15.202005596249268,2.308316946029663,-0.003509521484375,0.0037498469464480877,0.6725755929946899,0.20485329627990723,1.7484904527664185,0.005488574039191008,0.8058447241783142,0.06390532851219177,0.9405736923217773,0.0009078520233742893
